69,3.316286,2.480965,-0.043607,2
69,4.172595,2.480965,-0.043607,1
69,4.331322,2.480965,-0.043607,1
69,11.725894,2.480965,-0.043607,1
806,2.775270,2.556182,0.012671,1
806,6.540430,2.556182,0.012671,2
806,7.652875,2.556182,0.012671,2
806,11.537738,2.556182,0.012671,1
1066,11.735246,1.238833,0.141934,1
1120,12.090776,1.427398,-0.023473,2
1523,10.803662,1.032498,0.121769,1
1523,11.473759,1.032498,0.121769,1
1523,12.161125,1.032498,0.121769,1
1523,12.998687,1.032498,0.121769,1
1550,11.730987,0.815176,0.058538,1
1622,2.048730,3.379925,0.301934,2
1622,4.525989,3.379925,0.301934,1
1622,7.761049,3.379925,0.301934,1
1622,8.253525,3.379925,0.301934,1
1739,7.215439,2.059562,0.121679,2
1739,7.596454,2.059562,0.121679,1
2255,2.763749,2.608483,-0.043612,2
2255,3.589768,2.608483,-0.043612,1
2255,3.704007,2.608483,-0.043612,2
2255,9.185487,2.608483,-0.043612,1
2646,12.644024,3.269567,-0.014055,2
2877,10.962366,0.704342,-0.036810,1
2877,11.126715,0.704342,-0.036810,1
2877,11.797276,0.704342,-0.036810,1
3513,6.734603,1.769812,0.052600,1
3513,7.882949,1.769812,0.052600,1
3513,9.475902,1.769812,0.052600,1
3513,10.195815,1.769812,0.052600,1
3869,12.441217,3.257427,0.014598,2
3869,12.582086,3.257427,0.014598,2
4159,11.755567,3.064162,-0.132631,2
4159,11.897898,3.064162,-0.132631,1
4182,10.220097,3.419413,0.222758,1
4649,8.228559,1.834324,0.012113,2
4649,9.002045,1.834324,0.012113,2
4649,10.221185,1.834324,0.012113,1
4778,3.747296,2.384888,-0.064907,1
4778,12.122504,2.384888,-0.064907,1
4827,12.733159,1.541004,0.361722,1
5054,4.797669,2.531871,0.072889,1
5054,7.544710,2.531871,0.072889,1
5263,10.908890,3.199192,0.016036,1
5355,7.267964,2.349624,0.058955,1
5355,7.445239,2.349624,0.058955,2
5355,7.648802,2.349624,0.058955,1
5355,7.867737,2.349624,0.058955,1
5355,7.989001,2.349624,0.058955,1
5355,8.465193,2.349624,0.058955,2
5355,8.585039,2.349624,0.058955,2
5395,12.896519,3.110021,0.645406,1
5492,3.569378,3.261394,0.148069,1
5492,3.693560,3.261394,0.148069,2
5492,4.307477,3.261394,0.148069,1
5492,4.891929,3.261394,0.148069,1
5492,5.179352,3.261394,0.148069,1
5492,5.724278,3.261394,0.148069,1
5492,8.937056,3.261394,0.148069,1
5492,9.162147,3.261394,0.148069,1
5492,9.529366,3.261394,0.148069,2
5492,9.738107,3.261394,0.148069,1
5492,10.194556,3.261394,0.148069,1
5492,10.823328,3.261394,0.148069,1
5492,11.012737,3.261394,0.148069,1
5492,11.996559,3.261394,0.148069,2
5966,3.340367,2.462830,-0.051038,2
5966,3.593775,2.462830,-0.051038,1
5971,7.948217,2.065692,0.083292,2
5971,8.523584,2.065692,0.083292,2
5971,8.663788,2.065692,0.083292,1
5971,9.289027,2.065692,0.083292,1
5971,9.510916,2.065692,0.083292,2
5971,10.678013,2.065692,0.083292,1
5971,11.025167,2.065692,0.083292,1
5971,11.384189,2.065692,0.083292,1
6408,2.242099,3.230209,0.181965,1
6408,4.078035,3.230209,0.181965,1
6408,4.721671,3.230209,0.181965,2
6408,5.968645,3.230209,0.181965,1
6408,8.506178,3.230209,0.181965,1
6408,9.949661,3.230209,0.181965,1
6605,8.136529,3.354340,0.383736,1
6642,5.373853,3.452485,0.422060,1
6642,5.862267,3.452485,0.422060,1
6642,6.492317,3.452485,0.422060,1
6642,7.301757,3.452485,0.422060,1
6642,7.564367,3.452485,0.422060,1
6724,10.002228,1.223961,0.104800,2
6724,10.133552,1.223961,0.104800,1
6724,10.364958,1.223961,0.104800,1
6785,7.081247,1.960469,0.167175,1
6785,10.304431,1.960469,0.167175,1
6785,10.567503,1.960469,0.167175,1
7234,11.190959,1.183370,0.078305,1
7234,11.434339,1.183370,0.078305,1
7234,12.341009,1.183370,0.078305,1
7417,1.904735,2.804431,0.003281,1
7417,2.620733,2.804431,0.003281,1
7417,4.899620,2.804431,0.003281,1
7417,6.600578,2.804431,0.003281,2
7417,6.973815,2.804431,0.003281,1
7417,7.613139,2.804431,0.003281,2
7417,8.138655,2.804431,0.003281,1
7417,8.311199,2.804431,0.003281,1
7417,8.478979,2.804431,0.003281,1
7478,4.021848,3.410305,0.429634,1
7478,4.728814,3.410305,0.429634,1
7610,1.312242,3.444635,0.305922,1
7610,1.891303,3.444635,0.305922,1
7610,3.250365,3.444635,0.305922,1
7610,3.445744,3.444635,0.305922,2
7610,3.583282,3.444635,0.305922,1
7610,4.161445,3.444635,0.305922,1
7610,8.541413,3.444635,0.305922,2
7753,12.753337,3.253660,-0.040040,2
8388,10.829865,1.055800,0.138193,1
8388,10.960102,1.055800,0.138193,1
8388,12.227080,1.055800,0.138193,1
8388,12.841111,1.055800,0.138193,2
8448,7.164621,2.020717,0.142460,1
8885,9.162915,1.621610,-0.036738,1
9478,7.870139,2.184670,0.069359,1
9478,8.309943,2.184670,0.069359,1
9478,8.873434,2.184670,0.069359,1
9478,9.105416,2.184670,0.069359,2
9478,10.362886,2.184670,0.069359,2
9478,10.777135,2.184670,0.069359,1
9478,10.982263,2.184670,0.069359,2
9478,11.196815,2.184670,0.069359,1
9478,11.449000,2.184670,0.069359,1
9506,2.561201,2.818409,0.009041,1
9506,2.695385,2.818409,0.009041,1
9506,3.195410,2.818409,0.009041,1
9506,5.761227,2.818409,0.009041,1
9506,6.238024,2.818409,0.009041,1
9506,6.521477,2.818409,0.009041,3
9506,6.636085,2.818409,0.009041,1
9506,7.553210,2.818409,0.009041,2
9506,8.359781,2.818409,0.009041,2
9653,6.386496,2.983997,-0.009067,1
9873,10.518091,3.460857,0.164528,1
9983,12.322864,3.275262,0.066382,2
10116,9.250573,1.337817,0.053361,1
10116,9.738055,1.337817,0.053361,1
10116,10.462221,1.337817,0.053361,1
10116,10.601895,1.337817,0.053361,1
10116,11.663070,1.337817,0.053361,2
10269,2.838880,2.654153,0.026489,1
10269,4.021173,2.654153,0.026489,1
10269,5.278888,2.654153,0.026489,1
10269,6.371365,2.654153,0.026489,1
10269,7.789249,2.654153,0.026489,1
10269,7.969434,2.654153,0.026489,2
10269,8.232329,2.654153,0.026489,1
10269,8.389759,2.654153,0.026489,1
10269,10.487360,2.654153,0.026489,1
10808,2.052564,3.382828,0.300949,2
10808,2.240875,3.382828,0.300949,1
10808,4.861447,3.382828,0.300949,1
10808,7.520474,3.382828,0.300949,1
10808,7.641770,3.382828,0.300949,1
10808,8.182592,3.382828,0.300949,1
11758,2.522029,2.695563,0.016080,1
11758,2.671040,2.695563,0.016080,1
11758,5.173602,2.695563,0.016080,2
11758,6.217827,2.695563,0.016080,1
11758,6.360141,2.695563,0.016080,1
11758,6.655724,2.695563,0.016080,2
11758,6.793900,2.695563,0.016080,2
11758,7.073161,2.695563,0.016080,3
11758,7.830667,2.695563,0.016080,1
11758,8.020893,2.695563,0.016080,1
11758,8.259820,2.695563,0.016080,1
11758,8.459989,2.695563,0.016080,1
11758,10.587346,2.695563,0.016080,1
12091,12.710512,1.591547,0.160821,1
12189,10.294800,3.383838,0.537996,1
12558,5.411781,2.284939,0.089753,2
12558,7.720554,2.284939,0.089753,2
12558,8.463210,2.284939,0.089753,1
12558,8.855959,2.284939,0.089753,2
12558,9.958902,2.284939,0.089753,2
12654,8.309503,1.808004,0.030216,2
12654,8.674644,1.808004,0.030216,1
12654,9.662353,1.808004,0.030216,2
12654,9.976989,1.808004,0.030216,1
12654,10.220735,1.808004,0.030216,1
12654,10.414703,1.808004,0.030216,1
12654,10.597756,1.808004,0.030216,1
13415,3.565202,2.642561,-0.018788,1
13415,8.929622,2.642561,-0.018788,1
13415,9.128460,2.642561,-0.018788,1
13631,2.326755,3.046559,0.063404,1
13631,2.987482,3.046559,0.063404,1
13631,4.396472,3.046559,0.063404,1
13631,5.047999,3.046559,0.063404,1
13631,5.439336,3.046559,0.063404,1
13631,5.558173,3.046559,0.063404,2
13631,6.677242,3.046559,0.063404,1
13631,6.823958,3.046559,0.063404,1
13631,6.970289,3.046559,0.063404,2
13631,9.684880,3.046559,0.063404,1
13631,9.903465,3.046559,0.063404,1
13631,10.684078,3.046559,0.063404,1
13777,6.975746,2.297564,0.175157,2
13989,10.277300,3.305365,0.361231,1
14615,7.855470,2.509528,-0.000782,1
14615,9.642372,2.509528,-0.000782,2
14615,9.744041,2.509528,-0.000782,1
14615,9.875685,2.509528,-0.000782,1
14615,11.288697,2.509528,-0.000782,1
14642,12.607779,2.430791,-0.121144,1
15686,4.799842,3.435527,0.479350,1
15686,6.008241,3.435527,0.479350,1
15686,6.535570,3.435527,0.479350,1
15686,7.672809,3.435527,0.479350,1
15784,6.800361,2.493361,0.024590,2
15784,7.921461,2.493361,0.024590,2
15784,10.801597,2.493361,0.024590,1
15784,11.136613,2.493361,0.024590,1
15919,7.068425,2.839926,-0.036006,1
15919,7.208004,2.839926,-0.036006,2
15977,3.980284,2.305278,-0.038031,1
15977,4.243895,2.305278,-0.038031,1
15977,12.636504,2.305278,-0.038031,1
16101,4.460467,2.613233,0.051374,1
16101,4.812598,2.613233,0.051374,1
16101,5.445901,2.613233,0.051374,1
16101,5.598665,2.613233,0.051374,2
16101,6.971564,2.613233,0.051374,1
16101,7.905189,2.613233,0.051374,1
16101,8.019586,2.613233,0.051374,1
16101,8.127486,2.613233,0.051374,1
16101,8.324479,2.613233,0.051374,1
16101,8.522735,2.613233,0.051374,1
16101,8.705801,2.613233,0.051374,1
16101,9.569491,2.613233,0.051374,1
16101,10.052199,2.613233,0.051374,1
16101,10.388025,2.613233,0.051374,1
16126,6.439341,2.049110,0.184303,1
16126,10.521707,2.049110,0.184303,1
16544,8.387665,1.306516,0.063204,1
16544,9.917924,1.306516,0.063204,1
16544,10.431494,1.306516,0.063204,1
16544,11.815586,1.306516,0.063204,1
16544,12.187215,1.306516,0.063204,1
16744,8.122908,2.015406,0.083590,2
16744,8.744344,2.015406,0.083590,2
16744,9.625597,2.015406,0.083590,1
16744,11.049009,2.015406,0.083590,3
16744,11.590822,2.015406,0.083590,1
16744,11.756616,2.015406,0.083590,1
16793,8.068573,2.436713,0.025378,2
16793,11.069416,2.436713,0.025378,1
17845,4.117811,2.705556,0.046383,1
17845,4.348600,2.705556,0.046383,1
17845,9.161144,2.705556,0.046383,1
18149,11.497347,0.966521,0.124698,1
18149,12.064181,0.966521,0.124698,1
18149,12.388605,0.966521,0.124698,1
19085,1.631012,3.099735,0.071568,1
19085,2.274971,3.099735,0.071568,1
19085,4.861689,3.099735,0.071568,1
19085,5.145528,3.099735,0.071568,2
19085,10.266155,3.099735,0.071568,1
19085,10.395712,3.099735,0.071568,1
19139,11.923969,1.219177,0.156272,1
19389,8.744516,1.721304,-0.012866,1
19389,10.071693,1.721304,-0.012866,2
19389,10.770640,1.721304,-0.012866,1
19668,2.142950,3.165794,0.130455,1
19668,2.403197,3.165794,0.130455,1
19668,5.210248,3.165794,0.130455,2
19668,7.960567,3.165794,0.130455,1
19668,9.992184,3.165794,0.130455,1
20114,9.133804,3.509249,0.301669,3
20114,9.441802,3.509249,0.301669,1
20114,9.708211,3.509249,0.301669,2
20216,1.781822,3.500486,0.351035,1
20216,2.314050,3.500486,0.351035,1
20216,2.432848,3.500486,0.351035,2
20216,2.662317,3.500486,0.351035,1
20216,3.663316,3.500486,0.351035,2
20216,3.799510,3.500486,0.351035,1
20216,8.224105,3.500486,0.351035,2
25461,4.530911,3.575451,0.621618,1
25461,4.794540,3.575451,0.621618,1
25461,5.439621,3.575451,0.621618,1
25461,6.175844,3.575451,0.621618,1
25461,6.396939,3.575451,0.621618,1
25461,6.751094,3.575451,0.621618,1
26956,2.154400,3.681633,0.608133,1
26956,2.277355,3.681633,0.608133,2
26956,2.388767,3.681633,0.608133,1
26956,7.481738,3.681633,0.608133,1
26956,8.261859,3.681633,0.608133,1
26956,8.437916,3.681633,0.608133,1
26957,1.187144,3.730573,0.540712,2
27340,3.162797,3.725733,0.813927,1
27340,3.564298,3.725733,0.813927,1
27340,3.771760,3.725733,0.813927,1
27340,5.372520,3.725733,0.813927,1
27340,5.704412,3.725733,0.813927,2
27340,5.841726,3.725733,0.813927,1
27340,6.096876,3.725733,0.813927,1
27340,6.452141,3.725733,0.813927,1
27340,6.711736,3.725733,0.813927,3
27340,6.825940,3.725733,0.813927,1
27340,6.942905,3.725733,0.813927,1
27340,7.351383,3.725733,0.813927,2
27340,7.564107,3.725733,0.813927,1
27340,8.174668,3.725733,0.813927,1
27340,10.466445,3.725733,0.813927,1
27443,3.452079,3.714520,0.749446,1
27443,6.469350,3.714520,0.749446,1
27443,6.905444,3.714520,0.749446,1
27443,7.115863,3.714520,0.749446,2
27443,7.867527,3.714520,0.749446,1
27443,8.737565,3.714520,0.749446,1
27493,1.072135,3.767139,0.919289,1
27493,2.417826,3.767139,0.919289,1
27493,4.123708,3.767139,0.919289,1
27493,6.352810,3.767139,0.919289,3
27493,6.838121,3.767139,0.919289,1
27493,7.272569,3.767139,0.919289,1
27493,9.293777,3.767139,0.919289,1
27633,1.531482,3.773994,0.649060,3
27633,12.380681,3.773994,0.649060,1
27651,1.329635,3.761692,0.643095,2
27651,1.449423,3.761692,0.643095,1
27651,1.626429,3.761692,0.643095,1
27651,12.303120,3.761692,0.643095,1
27829,2.972009,3.796547,0.889487,1
27829,3.456337,3.796547,0.889487,1
27829,4.533190,3.796547,0.889487,1
27829,4.968759,3.796547,0.889487,1
27829,5.381192,3.796547,0.889487,2
27829,5.859656,3.796547,0.889487,2
27829,9.772325,3.796547,0.889487,1
27944,2.072216,3.851714,0.995348,2
27944,2.514026,3.851714,0.995348,1
27944,3.425533,3.851714,0.995348,1
27944,5.800548,3.851714,0.995348,2
28114,10.437467,3.926504,0.832081,1
28114,10.790011,3.926504,0.832081,1
28114,12.224922,3.926504,0.832081,1
28301,11.709710,3.908854,0.721350,1
28559,2.688731,3.942183,1.036798,1
28559,2.961816,3.942183,1.036798,1
28559,3.238048,3.942183,1.036798,1
28559,3.504551,3.942183,1.036798,1
28559,4.063694,3.942183,1.036798,1
28559,4.582946,3.942183,1.036798,1
28559,4.924797,3.942183,1.036798,1
28559,5.287315,3.942183,1.036798,2
28559,5.407959,3.942183,1.036798,2
28809,11.199395,3.999956,0.751691,1
28809,11.358432,3.999956,0.751691,1
28831,10.418383,4.008190,0.872040,1
28910,12.214634,3.995526,0.812429,1
29176,11.128079,4.081440,0.901736,1
29176,11.359772,4.081440,0.901736,1
29224,11.793298,4.041186,0.889788,1
34204,4.598957,4.106898,1.063146,1
34204,4.744384,4.106898,1.063146,2
34204,4.872579,4.106898,1.063146,2
34204,6.472273,4.106898,1.063146,1
34204,6.645152,4.106898,1.063146,1
34204,7.044453,4.106898,1.063146,1
34204,11.809159,4.106898,1.063146,1
34624,4.616302,4.154232,1.076164,4
34624,6.603612,4.154232,1.076164,1
34656,4.507434,4.136124,1.067225,2
34656,4.694552,4.136124,1.067225,4
34656,6.792526,4.136124,1.067225,1
34656,6.908083,4.136124,1.067225,1
34656,11.832457,4.136124,1.067225,1
35032,9.863067,4.280703,0.984490,1
35121,4.771474,4.188332,1.118252,1
35121,6.211827,4.188332,1.118252,1
35121,6.376959,4.188332,1.118252,1
35121,7.039374,4.188332,1.118252,1
35313,1.830803,4.169316,1.171497,1
35313,2.133466,4.169316,1.171497,1
35313,2.372146,4.169316,1.171497,1
35313,2.640532,4.169316,1.171497,1
35313,3.232968,4.169316,1.171497,1
35313,3.452292,4.169316,1.171497,1
35313,3.838825,4.169316,1.171497,1
35313,4.025593,4.169316,1.171497,1
35406,9.923103,4.270568,0.975892,1
35700,3.659352,4.235653,1.154266,1
35700,3.814837,4.235653,1.154266,1
35700,12.135891,4.235653,1.154266,1
36081,3.775257,4.353989,1.089403,3
36081,4.677242,4.353989,1.089403,1
36081,4.786977,4.353989,1.089403,1
36081,7.713976,4.353989,1.089403,1
36081,8.180510,4.353989,1.089403,1
36334,3.431717,4.437703,1.126923,4
36334,3.544521,4.437703,1.126923,1
36548,3.028726,4.393916,1.136651,1
36548,3.708601,4.393916,1.136651,2
36548,4.828659,4.393916,1.136651,1
36548,4.971919,4.393916,1.136651,1
36548,7.379415,4.393916,1.136651,1
36548,8.993476,4.393916,1.136651,1
36548,9.766556,4.393916,1.136651,1
36548,10.170221,4.393916,1.136651,1
36582,12.457950,4.231957,1.302908,1
36847,1.507214,4.383645,1.211024,1
36847,1.627070,4.383645,1.211024,1
36847,2.009870,4.383645,1.211024,1
36847,2.164631,4.383645,1.211024,2
36847,2.313994,4.383645,1.211024,1
36847,2.497865,4.383645,1.211024,1
36847,5.397639,4.383645,1.211024,1
36948,6.445520,4.421494,1.180877,1
36948,10.637987,4.421494,1.180877,1
39634,1.267393,4.705638,1.179838,1
39634,2.372195,4.705638,1.179838,3
39634,2.474398,4.705638,1.179838,5
39714,1.617026,4.707306,1.245336,1
39714,2.985168,4.707306,1.245336,1
39714,6.640439,4.707306,1.245336,1
39714,8.156547,4.707306,1.245336,1
39788,4.534887,4.768046,1.333377,1
39788,8.323666,4.768046,1.333377,1
39788,8.429784,4.768046,1.333377,1
39788,8.663527,4.768046,1.333377,1
39788,10.442811,4.768046,1.333377,1
39788,11.565416,4.768046,1.333377,1
40922,4.214858,4.812121,1.351242,1
40922,7.682435,4.812121,1.351242,1
40922,7.972197,4.812121,1.351242,1
40922,8.178995,4.812121,1.351242,1
40922,8.318471,4.812121,1.351242,1
40922,10.935908,4.812121,1.351242,1
40922,11.316966,4.812121,1.351242,2
41033,1.720649,4.811953,1.231680,2
41033,1.977129,4.811953,1.231680,4
41266,1.407624,4.941847,1.250534,4
41266,11.386765,4.941847,1.250534,1
42008,1.289528,4.973427,1.271694,7
42029,1.956313,4.914138,1.399025,1
42029,2.154757,4.914138,1.399025,1
42029,3.866636,4.914138,1.399025,1
42029,6.748333,4.914138,1.399025,1
42029,6.969241,4.914138,1.399025,1
42030,2.050726,4.903768,1.373986,1
42030,3.982046,4.903768,1.373986,1
42030,6.979031,4.903768,1.373986,1
42030,10.625357,4.903768,1.373986,1
42030,11.633064,4.903768,1.373986,1
42030,11.939703,4.903768,1.373986,1
42030,12.772779,4.903768,1.373986,1
43489,9.899250,5.078887,1.409969,1
43489,11.773833,5.078887,1.409969,1
43489,11.877872,5.078887,1.409969,1
43713,7.759722,5.154198,1.446774,1
43713,11.136912,5.154198,1.446774,1
43713,11.364534,5.154198,1.446774,1
43713,11.512763,5.154198,1.446774,1
43902,9.002075,5.171187,1.420043,2
43902,9.605250,5.171187,1.420043,2
43902,10.184591,5.171187,1.420043,1
43914,8.779514,5.216606,1.452111,2
43914,9.297830,5.216606,1.452111,1
43914,9.434790,5.216606,1.452111,1
43914,9.694130,5.216606,1.452111,1
43914,9.862097,5.216606,1.452111,1
43914,10.838046,5.216606,1.452111,1
43960,1.842868,5.146083,1.615291,2
43960,5.471675,5.146083,1.615291,1
43960,5.770975,5.146083,1.615291,1
45629,8.371741,5.304420,1.486440,1
45629,8.861633,5.304420,1.486440,1
45629,9.007827,5.304420,1.486440,2
45629,9.147744,5.304420,1.486440,1
45673,3.911682,5.199128,1.536374,1
45673,12.114111,5.199128,1.536374,2
45684,1.698037,5.193051,1.649113,2
45684,5.204692,5.193051,1.649113,1
46760,5.042518,5.313866,1.787415,1
46763,5.028986,5.297132,1.730002,1
46794,7.760716,5.382655,1.491373,2
46830,7.589820,5.414375,1.515907,1
48054,5.175223,5.455381,1.817002,1
48160,11.204105,5.525805,1.722660,1
48166,7.159150,5.509571,1.559915,1
48166,8.051622,5.509571,1.559915,1
48343,3.634792,5.454687,1.889496,1
48343,4.082317,5.454687,1.889496,1
48343,4.309623,5.454687,1.889496,1
48348,4.570578,5.464297,1.862542,1
48348,4.677172,5.464297,1.862542,1
50774,3.354910,5.550864,1.967406,1
50774,4.378877,5.550864,1.967406,1
50784,3.715050,5.524967,1.927468,1
50784,4.043478,5.524967,1.927468,1
50862,1.252384,5.745539,1.788180,1
50862,9.388356,5.745539,1.788180,1
50863,2.526443,5.601767,1.835132,1
50863,5.645321,5.601767,1.835132,1
50863,8.069573,5.601767,1.835132,1
51418,3.195721,5.654136,2.130584,1
51510,2.912663,5.691324,2.212136,1
51510,3.513274,5.691324,2.212136,1
51772,7.702208,5.866905,1.908722,1
51772,7.964424,5.866905,1.908722,1
51772,9.123366,5.866905,1.908722,1
51774,8.491383,5.909520,1.917016,1
51774,8.917066,5.909520,1.917016,1
53728,2.766400,5.705771,2.258331,1
53803,2.778537,5.712570,2.291331,1
53965,1.910064,5.843348,2.232989,2
54115,1.506547,5.882252,2.311801,1
54115,3.672172,5.882252,2.311801,1
54126,4.968989,5.916917,2.215538,1
54131,8.934091,5.964158,2.022183,1
54154,1.663909,5.904808,2.405976,2
54154,1.803112,5.904808,2.405976,1
54154,2.047341,5.904808,2.405976,1
54154,2.533775,5.904808,2.405976,1
54154,2.698872,5.904808,2.405976,1
54154,3.222538,5.904808,2.405976,1
54154,3.348053,5.904808,2.405976,1
54202,9.674636,6.058159,1.969460,2
54202,10.108919,6.058159,1.969460,1
54202,10.575100,6.058159,1.969460,1
54253,8.277586,5.985960,2.054576,1
54253,10.941492,5.985960,2.054576,1
55755,9.124525,6.085359,2.065262,1
55755,9.635246,6.085359,2.065262,1
55755,9.954884,6.085359,2.065262,1
56102,2.469507,5.927560,2.478381,1
56102,2.745190,5.927560,2.478381,2
56122,9.351726,6.097533,2.147000,1
56122,9.697760,6.097533,2.147000,1
56122,9.833425,6.097533,2.147000,1
56122,12.322841,6.097533,2.147000,1
56163,5.073245,6.078455,2.252866,1
56163,7.983037,6.078455,2.252866,1
56163,8.415540,6.078455,2.252866,1
56163,8.599970,6.078455,2.252866,1
56163,11.391303,6.078455,2.252866,1
56163,11.741868,6.078455,2.252866,1
56206,8.925327,6.112787,2.107867,1
56206,9.018459,6.112787,2.107867,1
56206,12.335633,6.112787,2.107867,1
56481,12.735187,6.138925,2.204304,1
56554,1.597742,6.022076,2.580790,1
56554,2.323076,6.022076,2.580790,1
56554,3.583050,6.022076,2.580790,3
56554,6.384631,6.022076,2.580790,1
56554,9.270237,6.022076,2.580790,1
56554,10.551203,6.022076,2.580790,1
56554,11.208782,6.022076,2.580790,2
56554,11.890656,6.022076,2.580790,1
56554,12.229792,6.022076,2.580790,1
56923,1.665253,6.024161,2.704846,2
56923,6.285534,6.024161,2.704846,1
56923,6.722703,6.024161,2.704846,1
56923,8.338904,6.024161,2.704846,1
56923,9.025323,6.024161,2.704846,1
56923,12.979195,6.024161,2.704846,1
56938,3.018722,6.028706,2.688618,1
56938,3.146378,6.028706,2.688618,3
56938,6.183854,6.028706,2.688618,1
56938,6.634405,6.028706,2.688618,1
56938,9.025610,6.028706,2.688618,1
56938,9.218614,6.028706,2.688618,1
56938,11.370621,6.028706,2.688618,1
57066,1.167353,6.016841,2.809384,1
57066,1.287814,6.016841,2.809384,3
57066,4.219716,6.016841,2.809384,1
57066,4.366771,6.016841,2.809384,1
57066,4.547512,6.016841,2.809384,1
57066,5.105636,6.016841,2.809384,1
57066,6.104899,6.016841,2.809384,1
57066,6.213127,6.016841,2.809384,1
57066,6.356060,6.016841,2.809384,1
57066,6.647227,6.016841,2.809384,1
57066,6.815591,6.016841,2.809384,1
57066,7.607379,6.016841,2.809384,1
57066,10.950043,6.016841,2.809384,1
57084,10.237167,5.952511,2.812639,2
57084,10.386689,5.952511,2.812639,1
57084,10.495485,5.952511,2.812639,1
57126,5.221135,5.886520,2.999918,1
57126,9.549578,5.886520,2.999918,1
57657,1.928841,6.100469,2.851721,1
57657,2.526993,6.100469,2.851721,1
57657,4.884817,6.100469,2.851721,1
58000,3.191880,5.999491,2.953625,1
58989,6.196402,5.959154,3.073385,1
59003,2.558730,5.919034,3.111942,1
59003,3.400487,5.919034,3.111942,1
59003,5.069645,5.919034,3.111942,1
59003,7.457895,5.919034,3.111942,1
59003,8.617013,5.919034,3.111942,1
59014,2.962498,5.906645,3.119427,1
59014,3.242836,5.906645,3.119427,1
59014,4.118813,5.906645,3.119427,1
59014,5.519894,5.906645,3.119427,1
59014,6.467363,5.906645,3.119427,1
59014,8.581033,5.906645,3.119427,1
59014,11.763894,5.906645,3.119427,1
59014,12.614515,5.906645,3.119427,1
59183,8.974604,5.770466,3.243876,1
59183,10.096092,5.770466,3.243876,1
59252,2.523072,6.084831,2.898385,1
59673,1.258637,6.188359,2.971635,2
59677,1.075287,6.214016,3.014069,2
59690,1.431023,6.178510,3.063599,2
60051,10.831614,5.784975,3.294027,1
60090,3.509390,5.788232,3.293999,1
60090,3.808027,5.788232,3.293999,1
60090,10.986023,5.788232,3.293999,1
60090,11.199506,5.788232,3.293999,1
60090,11.992258,5.788232,3.293999,1
60090,12.675734,5.788232,3.293999,1
60097,2.758018,5.728850,3.483749,1
60100,9.790732,5.719834,3.371800,1
60100,10.237721,5.719834,3.371800,1
60100,10.438477,5.719834,3.371800,1
60100,11.026915,5.719834,3.371800,1
60100,11.786739,5.719834,3.371800,1
62453,1.396007,5.647946,3.640432,1
62453,7.064458,5.647946,3.640432,1
62453,9.298790,5.647946,3.640432,1
62453,9.520069,5.647946,3.640432,1
62543,5.482982,5.820341,3.509172,1
62543,5.670779,5.820341,3.509172,1
62543,5.798599,5.820341,3.509172,1
62543,6.158361,5.820341,3.509172,1
62660,6.004846,5.791128,3.646613,1
64160,1.785256,5.631934,3.844752,1
64160,5.968769,5.631934,3.844752,2
64160,8.298523,5.631934,3.844752,1
64160,8.556064,5.631934,3.844752,1
64160,8.767934,5.631934,3.844752,2
64160,9.781785,5.631934,3.844752,1
64292,2.658789,5.547279,3.932769,1
64293,1.850315,5.634225,3.911435,1
64293,3.938869,5.634225,3.911435,1
64293,4.097085,5.634225,3.911435,1
64293,5.625881,5.634225,3.911435,2
64293,5.756831,5.634225,3.911435,1
64293,7.773298,5.634225,3.911435,1
64293,8.454805,5.634225,3.911435,2
64952,12.906690,6.014778,3.780287,1
66275,11.816873,5.859842,3.904818,1
66456,11.146915,5.817761,3.911046,1
66456,11.472366,5.817761,3.911046,1
66876,7.292930,5.649163,3.998919,1
66876,7.619470,5.649163,3.998919,1
66876,7.778972,5.649163,3.998919,2
66876,8.613121,5.649163,3.998919,1
67095,10.497266,5.705405,4.072365,1
67095,10.622152,5.705405,4.072365,2
67095,10.774368,5.705405,4.072365,2
67766,4.737777,5.605221,4.109390,1
67766,4.933405,5.605221,4.109390,1
67766,7.729836,5.605221,4.109390,1
67897,6.204691,5.636578,4.127526,1
67897,7.182127,5.636578,4.127526,1
67897,8.082781,5.636578,4.127526,1
67897,10.157022,5.636578,4.127526,1
67897,10.291527,5.636578,4.127526,1
67897,10.645883,5.636578,4.127526,1
67897,11.670773,5.636578,4.127526,1
68176,6.955647,5.652505,4.159198,1
68176,9.861599,5.652505,4.159198,1
68178,6.580125,5.629563,4.151157,1
68178,9.622312,5.629563,4.151157,1
68178,9.911923,5.629563,4.151157,1
68178,10.032154,5.629563,4.151157,1
68178,10.162685,5.629563,4.151157,2
68178,12.718085,5.629563,4.151157,1
68283,3.953868,5.576126,4.195934,1
68283,4.481357,5.576126,4.195934,2
68283,4.976874,5.576126,4.195934,1
68283,7.363921,5.576126,4.195934,1
68283,9.682877,5.576126,4.195934,1
68283,9.819294,5.576126,4.195934,2
68283,9.966047,5.576126,4.195934,1
68283,10.368436,5.576126,4.195934,1
68283,11.891944,5.576126,4.195934,1
68283,12.981451,5.576126,4.195934,1
68289,4.451050,5.580594,4.202083,1
68289,5.367538,5.580594,4.202083,1
68289,9.220883,5.580594,4.202083,1
68289,9.790932,5.580594,4.202083,1
68289,10.056507,5.580594,4.202083,2
68289,10.222833,5.580594,4.202083,1
68289,10.490809,5.580594,4.202083,1
68289,11.179537,5.580594,4.202083,1
68289,11.665063,5.580594,4.202083,1
68289,11.888014,5.580594,4.202083,1
68531,1.210254,5.484783,4.245276,2
68545,1.197457,5.488780,4.253949,2
68545,2.391548,5.488780,4.253949,1
68545,2.571368,5.488780,4.253949,2
69948,3.627028,5.521540,4.319806,1
69948,4.653549,5.521540,4.319806,1
69948,4.940303,5.521540,4.319806,1
69948,6.763285,5.521540,4.319806,2
69948,10.091913,5.521540,4.319806,1
69948,10.436084,5.521540,4.319806,1
69948,12.267679,5.521540,4.319806,1
73071,7.718806,5.373938,4.482541,1
73071,7.998219,5.373938,4.482541,1
73071,8.624325,5.373938,4.482541,1
73071,9.156699,5.373938,4.482541,1
73071,11.323228,5.373938,4.482541,1
73071,11.821670,5.373938,4.482541,1
73071,12.756123,5.373938,4.482541,1
73124,6.851386,5.344789,4.524792,1
73124,7.518350,5.344789,4.524792,1
73124,7.979612,5.344789,4.524792,1
73124,8.354843,5.344789,4.524792,1
73124,8.492914,5.344789,4.524792,1
73124,8.850691,5.344789,4.524792,1
73124,8.981453,5.344789,4.524792,1
73733,6.147192,5.250807,4.657476,1
73733,7.625792,5.250807,4.657476,2
73733,7.751304,5.250807,4.657476,1
73733,8.112558,5.250807,4.657476,1
73733,8.637151,5.250807,4.657476,1
73733,9.593455,5.250807,4.657476,1
73733,10.009465,5.250807,4.657476,1
73947,2.519082,5.417581,4.657417,1
73947,2.672894,5.417581,4.657417,1
73962,1.841148,5.400290,4.661894,1
73962,2.537135,5.400290,4.661894,2
73962,4.895597,5.400290,4.661894,1
74024,7.529424,5.229657,4.669666,2
74024,7.786380,5.229657,4.669666,1
74024,8.061206,5.229657,4.669666,1
74024,9.295947,5.229657,4.669666,1
76075,11.732040,5.067528,4.722631,1
76993,12.870950,4.855351,4.721744,1
77328,5.920565,5.176135,4.756854,1
77328,6.081399,5.176135,4.756854,1
77328,6.273942,5.176135,4.756854,1
78123,2.459917,5.234723,4.928068,1
78156,5.884819,4.990140,4.999463,1
78185,5.522256,5.059853,4.925651,1
78185,6.372503,5.059853,4.925651,1
78185,6.924388,5.059853,4.925651,1
78386,5.529106,4.901310,5.112927,1
78386,5.918086,4.901310,5.112927,1
78562,2.627115,5.046819,5.115327,1
78594,1.060375,5.114451,5.139413,1
78594,1.320336,5.114451,5.139413,1
80736,8.265094,4.779048,5.069961,1
80849,12.095226,4.707818,5.024604,1
80921,11.788966,4.687667,5.073561,1
81000,7.168655,4.734823,5.112368,1
81000,7.944545,4.734823,5.112368,1
81000,8.669706,4.734823,5.112368,1
81000,11.075723,4.734823,5.112368,1
81000,11.242173,4.734823,5.112368,1
81044,8.069501,4.681088,5.237019,1
81044,8.358918,4.681088,5.237019,1
81044,8.536637,4.681088,5.237019,1
81044,10.312457,4.681088,5.237019,1
81173,2.525838,4.945192,5.189741,1
81173,3.620995,4.945192,5.189741,1
81173,4.070242,4.945192,5.189741,1
81620,5.698760,4.733148,5.261010,1
82839,3.645075,4.771391,5.298430,1
82839,4.388947,4.771391,5.298430,1
82839,5.154515,4.771391,5.298430,1
83117,4.272188,4.693767,5.389564,1
83117,4.476226,4.693767,5.389564,1
83173,6.026784,4.555014,5.329310,1
85283,12.128091,4.890012,5.819715,1
85981,2.801694,4.553732,5.502822,1
85981,5.094893,4.553732,5.502822,1
85981,9.903506,4.553732,5.502822,1
86031,10.725320,4.722157,5.868910,1
87076,7.005231,4.435221,5.535479,1
87708,5.557782,4.355708,5.738849,1
87708,5.733182,4.355708,5.738849,1
87710,1.243338,4.329668,5.822636,1
87710,5.329799,4.329668,5.822636,1
87710,5.548429,4.329668,5.822636,1
87773,2.627006,4.420875,5.831035,1
87773,2.955501,4.420875,5.831035,1
87773,3.089870,4.420875,5.831035,1
88189,11.329610,4.545109,5.956181,1
88283,12.064485,4.745971,5.918027,1
88290,11.051638,4.559133,6.000314,1
88290,12.093067,4.559133,6.000314,1
88352,12.987216,4.786090,5.946042,1
88365,12.633636,4.850251,5.912815,1
88600,11.414069,4.729264,5.902559,1
88600,12.319530,4.729264,5.902559,1
88939,1.775253,4.363288,5.874408,2
88939,4.830521,4.363288,5.874408,1
88939,8.474098,4.363288,5.874408,1
88959,12.045991,4.493442,6.043332,1
90207,4.179181,4.278633,5.951763,1
90207,4.689316,4.278633,5.951763,1
90462,5.282781,4.181015,5.945398,1
90462,5.464602,4.181015,5.945398,1
90462,6.543929,4.181015,5.945398,1
91792,9.842514,3.948676,6.080424,1
91794,4.545318,4.066980,6.101861,1
91794,5.611966,4.066980,6.101861,1
91794,6.087777,4.066980,6.101861,1
91794,9.416233,4.066980,6.101861,1
91794,11.302700,4.066980,6.101861,1
91794,11.419900,4.066980,6.101861,1
91803,7.438588,4.109829,6.130521,1
91803,8.986691,4.109829,6.130521,1
92457,1.219936,4.160772,6.265270,1
92457,3.008731,4.160772,6.265270,1
92494,9.294128,4.013356,6.144735,1
92758,6.187265,3.918610,6.239862,1
92758,7.199742,3.918610,6.239862,1
92842,2.960633,3.993541,6.289606,1
93932,11.464592,3.825164,6.140750,1
94955,1.974634,3.886993,6.446387,1
95742,2.005859,3.736102,6.501036,1
95742,2.363675,3.736102,6.501036,1
95742,4.432717,3.736102,6.501036,1
95844,7.438948,3.669557,6.480630,1
95845,5.068466,3.671135,6.438862,1
95845,6.757999,3.671135,6.438862,1
95845,7.314368,3.671135,6.438862,1
96036,11.430942,3.674739,6.289674,1
96036,11.613684,3.674739,6.289674,1
96248,7.331435,3.630401,6.512309,1
96248,7.447903,3.630401,6.512309,1
96931,11.628083,3.525855,6.431193,1
97347,2.886482,3.609164,6.796477,1
97347,3.032508,3.609164,6.796477,1
97938,10.614052,3.495083,6.533552,1
97938,11.176469,3.495083,6.533552,1
97938,11.393465,3.495083,6.533552,1
97938,11.649629,3.495083,6.533552,1
98119,9.274029,3.407686,6.628727,1
98119,9.745221,3.407686,6.628727,1
98150,5.505229,3.456764,6.639917,1
98150,8.529665,3.456764,6.639917,1
98789,12.377422,3.535039,6.711879,1
99492,3.347588,3.527981,6.783274,1
99492,6.727309,3.527981,6.783274,1
99492,11.948687,3.527981,6.783274,1
99774,8.747876,3.264472,6.870625,1
99774,9.060748,3.264472,6.870625,1
99858,7.868188,3.243436,6.867451,1
99859,4.435522,3.364625,6.824173,1
99859,5.089384,3.364625,6.824173,1
100442,9.832490,3.291910,6.930906,1
100450,1.221452,3.464246,7.181185,1
100450,1.437800,3.464246,7.181185,1
100458,1.694431,3.439064,7.164089,1
102162,3.534346,3.218554,7.053808,1
102162,9.203887,3.218554,7.053808,1
102162,9.416854,3.218554,7.053808,1
102162,11.774209,3.218554,7.053808,1
102182,4.216481,3.273395,7.056883,1
102182,4.611280,3.273395,7.056883,1
102786,4.418628,3.252176,7.072578,1
102786,4.585049,3.252176,7.072578,1
102786,4.972835,3.252176,7.072578,1
103542,2.994630,3.206842,7.165796,1
103542,3.848831,3.206842,7.165796,1
103542,4.029667,3.206842,7.165796,1
103542,4.151221,3.206842,7.165796,2
103542,5.123018,3.206842,7.165796,1
103542,5.427739,3.206842,7.165796,1
103542,10.692137,3.206842,7.165796,1
103706,5.468700,3.064610,7.181300,1
103708,7.787343,3.127616,7.134348,1
103708,7.932663,3.127616,7.134348,1
103708,11.900524,3.127616,7.134348,1
103718,5.865218,3.052993,7.103572,1
104285,1.298278,3.300106,7.406368,1
105496,5.146207,2.990495,7.286402,1
106435,1.509153,2.856163,7.554502,1
106435,1.646880,2.856163,7.554502,1
106435,5.775534,2.856163,7.554502,1
106435,6.378615,2.856163,7.554502,1
106435,7.783646,2.856163,7.554502,1
107033,12.406052,2.572357,7.362588,1
107293,12.861391,2.599736,7.388804,1
107450,12.935793,2.609804,7.468476,2
107451,10.845921,2.689895,7.530384,1
107607,1.024125,2.684464,7.726438,1
107876,2.697168,2.956099,7.850685,1
108575,12.046616,2.571298,7.653743,1
108575,12.249559,2.571298,7.653743,1
108575,12.620336,2.571298,7.653743,1
108575,12.725095,2.571298,7.653743,1
108587,12.278992,2.588241,7.599114,1
108587,12.447615,2.588241,7.599114,1
108587,12.607707,2.588241,7.599114,1
108630,11.943676,2.558832,7.686443,2
108779,2.839645,2.790877,7.918173,1
110113,2.105776,2.921555,7.981817,1
111316,5.978992,2.555347,7.948553,1
111316,7.110555,2.555347,7.948553,1
111316,7.860446,2.555347,7.948553,1
111328,3.433826,2.582144,8.010192,1
111328,3.784074,2.582144,8.010192,1
111350,5.791483,2.505911,7.997794,1
111350,6.813427,2.505911,7.997794,1
111350,9.612985,2.505911,7.997794,1
111427,9.600295,2.520262,7.845978,1
111427,10.473510,2.520262,7.845978,1
111427,10.668990,2.520262,7.845978,1
111427,11.304335,2.520262,7.845978,2
111427,11.544579,2.520262,7.845978,1
111427,11.883599,2.520262,7.845978,2
111481,9.377268,2.521807,7.808408,1
111481,9.574761,2.521807,7.808408,1
111481,10.580560,2.521807,7.808408,1
111481,12.032408,2.521807,7.808408,2
113020,5.383541,2.472643,8.039161,1
113020,5.563654,2.472643,8.039161,1
113020,6.646595,2.472643,8.039161,1
113020,6.880802,2.472643,8.039161,1
113020,9.747418,2.472643,8.039161,1
113020,10.521997,2.472643,8.039161,2
113020,10.940641,2.472643,8.039161,1
113105,4.201348,2.457923,8.022089,1
113105,7.950307,2.457923,8.022089,1
113105,10.013783,2.457923,8.022089,1
113105,10.519878,2.457923,8.022089,1
113105,10.640982,2.457923,8.022089,1
113105,10.913247,2.457923,8.022089,1
113105,11.089832,2.457923,8.022089,1
113248,1.809666,2.554206,8.279526,1
114393,3.460707,2.363289,8.185522,1
114393,4.128583,2.363289,8.185522,1
114393,4.262773,2.363289,8.185522,1
114393,7.142377,2.363289,8.185522,1
114393,7.944636,2.363289,8.185522,1
117879,5.973555,2.196862,8.482421,1
117879,6.391500,2.196862,8.482421,1
117879,9.223733,2.196862,8.482421,1
117940,8.180722,2.247772,8.587506,1
119408,4.287291,1.984788,8.472776,1
119516,8.642057,2.171283,8.578317,1
119516,9.094000,2.171283,8.578317,1
119516,10.138979,2.171283,8.578317,1
120635,1.432328,2.117628,8.717384,1
120635,7.064947,2.117628,8.717384,1
120638,4.674444,1.964248,8.771467,1
120638,6.013051,1.964248,8.771467,1
120678,5.530643,1.999891,8.836882,1
120678,6.178309,1.999891,8.836882,1
120678,12.434626,1.999891,8.836882,1
120910,12.144706,1.814657,8.579556,1
120940,11.955271,1.802248,8.573167,1
120940,12.071663,1.802248,8.573167,1
121675,4.334805,1.909452,8.832207,1
121675,6.818650,1.909452,8.832207,1
121675,7.243740,1.909452,8.832207,1
121675,8.174613,1.909452,8.832207,1
121949,11.056326,1.755302,8.721081,1
124608,9.320446,1.683892,8.947471,1
124662,5.652914,1.725901,9.046094,1
124662,6.066256,1.725901,9.046094,1
124679,8.897778,1.634253,9.020193,1
125194,4.441940,1.848871,9.094385,1
125865,11.793188,1.619839,9.035364,1
126029,8.790702,1.598545,9.041787,2
126029,11.562995,1.598545,9.041787,1
126562,4.509619,1.656688,9.203447,1
126756,3.822092,1.702071,9.266551,1
126955,12.286784,1.230094,9.146182,1
127899,2.879396,1.657839,9.417497,1
127993,2.425443,1.538665,9.579825,1
129141,1.887650,1.547047,9.666029,2
129171,1.642581,1.575423,9.709548,2
129223,1.692530,1.558551,9.712774,2
129537,3.588317,1.337987,9.660596,1
129634,6.535440,1.238853,9.473034,2
130479,1.402996,1.572225,9.793508,3
130490,10.623923,1.141232,9.410345,1
130504,8.591978,1.143349,9.522025,1
130504,10.558593,1.143349,9.522025,1
130557,12.319678,1.001283,9.477192,1
132657,1.984184,1.334081,9.748294,2
132657,2.198566,1.334081,9.748294,2
132657,3.271231,1.334081,9.748294,1
132687,3.888972,1.228505,9.695450,1
133183,2.218905,1.264980,9.805510,1
133630,5.687211,1.028340,9.718715,1
133630,5.866885,1.028340,9.718715,1
133630,6.159829,1.028340,9.718715,1
133630,7.740924,1.028340,9.718715,1
133630,7.923993,1.028340,9.718715,1
133630,9.347840,1.028340,9.718715,1
133630,11.364624,1.028340,9.718715,1
133630,11.472266,1.028340,9.718715,2
133630,12.279011,1.028340,9.718715,1
133630,12.409532,1.028340,9.718715,1
133630,12.537191,1.028340,9.718715,1
133801,10.389525,1.066593,9.767327,1
133903,5.758102,1.022816,9.725156,1
133903,7.114344,1.022816,9.725156,1
133903,7.591042,1.022816,9.725156,1
133903,7.773236,1.022816,9.725156,1
133903,11.443163,1.022816,9.725156,1
133903,12.439394,1.022816,9.725156,1
134935,1.286503,1.364697,10.418331,1
135046,1.015472,1.410315,10.326196,1
135185,3.782464,0.993783,10.112635,1
135308,3.911690,1.104367,10.340505,1
135377,3.408843,1.026492,10.120567,1
135600,6.041850,0.890848,10.180058,1
135600,12.414456,0.890848,10.180058,1
135614,5.753949,0.907870,10.173749,1
135614,7.486407,0.907870,10.173749,1
135614,7.789685,0.907870,10.173749,1
135614,10.651960,0.907870,10.173749,1
135630,11.680326,0.846290,10.088023,1
135630,12.608906,0.846290,10.088023,1
135717,12.473474,0.758298,10.068985,1
135739,12.982045,0.694490,9.962557,1
135774,11.126314,0.859949,10.191582,1
135774,11.305031,0.859949,10.191582,2
135774,12.707448,0.859949,10.191582,1
135807,12.606719,0.773738,9.875478,1
135922,5.495206,0.926597,10.148629,1
135922,5.932095,0.926597,10.148629,2
135922,7.678504,0.926597,10.148629,1
135922,7.903355,0.926597,10.148629,1
135922,8.037483,0.926597,10.148629,1
135922,10.711786,0.926597,10.148629,1
137007,2.903715,1.013812,10.308677,1
137007,3.084128,1.013812,10.308677,1
137007,8.933556,1.013812,10.308677,1
137070,3.027588,1.008807,10.257536,1
137070,9.121435,1.008807,10.257536,1
137070,9.358519,1.008807,10.257536,1
137871,2.086775,0.974106,10.515097,1
137871,6.099830,0.974106,10.515097,1
137899,2.695809,1.131328,10.543611,1
137902,4.378865,1.054556,10.510851,1
137902,8.155451,1.054556,10.510851,1
138057,2.441770,1.207424,10.687062,1
138301,3.079050,1.150354,10.630916,1
138301,3.651693,1.150354,10.630916,2
138301,10.501201,1.150354,10.630916,1
138337,2.877206,1.143383,10.678311,1
138337,3.054340,1.143383,10.678311,1
138337,3.329575,1.143383,10.678311,2
138337,11.340509,1.143383,10.678311,1
138337,11.506246,1.143383,10.678311,2
138337,11.768746,1.143383,10.678311,1
139734,3.971201,1.149309,10.746066,1
139734,7.504635,1.149309,10.746066,2
139734,8.229202,1.149309,10.746066,1
139734,11.159256,1.149309,10.746066,1
139734,11.285988,1.149309,10.746066,2
139734,12.006067,1.149309,10.746066,1
139734,12.487200,1.149309,10.746066,1
139736,2.643855,1.175007,10.768495,1
139736,2.939882,1.175007,10.768495,2
139736,3.781263,1.175007,10.768495,1
139736,7.141823,1.175007,10.768495,1
139736,7.359180,1.175007,10.768495,2
139736,8.122061,1.175007,10.768495,1
139736,9.072347,1.175007,10.768495,1
139736,9.775060,1.175007,10.768495,1
139736,10.951566,1.175007,10.768495,1
139736,11.189699,1.175007,10.768495,1
139736,11.760928,1.175007,10.768495,1
139759,2.798338,1.186816,10.793335,2
139759,6.919894,1.186816,10.793335,1
139759,7.893722,1.186816,10.793335,1
139759,8.214500,1.186816,10.793335,1
139759,8.788205,1.186816,10.793335,1
139759,10.479430,1.186816,10.793335,1
139759,11.528833,1.186816,10.793335,1
139762,2.572223,1.173457,10.738548,1
139762,7.111375,1.173457,10.738548,1
139762,7.314071,1.173457,10.738548,1
139762,9.926562,1.173457,10.738548,1
139762,11.381370,1.173457,10.738548,1
139762,12.105412,1.173457,10.738548,1
139855,5.338666,1.081004,10.727526,1
139855,6.157929,1.081004,10.727526,1
139855,8.658640,1.081004,10.727526,1
139855,8.808872,1.081004,10.727526,1
141898,2.238478,1.580572,11.003330,1
142672,3.828340,1.336739,10.956827,1
142672,4.174108,1.336739,10.956827,1
142672,6.802586,1.336739,10.956827,1
142672,6.965892,1.336739,10.956827,2
142672,7.248570,1.336739,10.956827,1
142672,7.392450,1.336739,10.956827,2
142672,7.724612,1.336739,10.956827,1
142672,8.628619,1.336739,10.956827,1
142672,12.379551,1.336739,10.956827,1
142672,12.675233,1.336739,10.956827,1
142855,2.571130,1.377320,10.989887,1
142855,6.205104,1.377320,10.989887,1
142855,7.230175,1.377320,10.989887,1
142855,8.319657,1.377320,10.989887,1
142855,8.475544,1.377320,10.989887,1
143040,1.409953,1.309792,11.082826,1
143040,1.634045,1.309792,11.082826,2
143040,1.800066,1.309792,11.082826,1
143065,1.825923,1.300489,11.054847,2
143380,3.906074,1.771344,11.339926,1
143380,10.317525,1.771344,11.339926,1
143394,7.199519,1.903842,11.306899,2
143394,9.563874,1.903842,11.306899,1
143394,10.541357,1.903842,11.306899,1
143394,10.989232,1.903842,11.306899,1
143394,12.185732,1.903842,11.306899,2
143408,3.392440,1.846192,11.235692,1
143408,7.974030,1.846192,11.235692,1
143471,1.447418,1.953925,11.265642,1
143508,1.955297,1.847427,11.301403,1
143508,2.563709,1.847427,11.301403,1
143508,6.213681,1.847427,11.301403,1
143508,9.439113,1.847427,11.301403,1
143508,10.752056,1.847427,11.301403,2
143508,11.155647,1.847427,11.301403,1
143508,12.495163,1.847427,11.301403,1
143586,3.267379,1.638224,11.168058,1
143586,4.309759,1.638224,11.168058,1
143586,8.505026,1.638224,11.168058,2
143586,8.663206,1.638224,11.168058,1
143586,9.726127,1.638224,11.168058,1
143586,10.138293,1.638224,11.168058,1
143586,10.484856,1.638224,11.168058,1
143704,12.954357,1.292847,11.239464,1
143722,12.425891,1.432498,11.290403,2
143722,12.613208,1.432498,11.290403,1
143753,1.552292,1.518743,11.204474,1
143753,5.713578,1.518743,11.204474,2
143753,5.910222,1.518743,11.204474,1
143753,6.091804,1.518743,11.204474,1
144150,8.309647,2.438921,11.399443,1
144150,8.506078,2.438921,11.399443,1
144346,12.219336,2.101782,11.265007,1
144475,9.087927,2.265759,11.347317,2
144475,10.787832,2.265759,11.347317,1
144483,10.850314,2.350291,11.325793,1
144551,12.332044,1.672608,11.284141,1
144733,4.896653,1.738311,11.404257,1
145119,3.033354,1.978679,11.352607,2
145119,6.275626,1.978679,11.352607,1
145119,6.871676,1.978679,11.352607,1
145119,9.090830,1.978679,11.352607,1
145119,10.691927,1.978679,11.352607,1
145565,10.002022,2.270400,11.425394,1
146673,12.197357,2.525115,11.363338,1
147091,2.114464,2.163169,11.469774,2
147091,2.816418,2.163169,11.469774,2
147091,3.036298,2.163169,11.469774,1
147091,4.935755,2.163169,11.469774,1
147091,6.029167,2.163169,11.469774,1
147091,8.455960,2.163169,11.469774,1
147107,4.165642,2.086165,11.493558,1
147107,7.647029,2.086165,11.493558,1
147111,2.133985,2.161861,11.468284,2
147111,2.890008,2.161861,11.468284,2
147111,3.272861,2.161861,11.468284,1
147111,3.481788,2.161861,11.468284,1
147111,3.743895,2.161861,11.468284,1
147111,4.609918,2.161861,11.468284,1
147111,4.898640,2.161861,11.468284,1
147111,5.573150,2.161861,11.468284,1
147111,5.904511,2.161861,11.468284,1
147222,1.138637,2.375234,11.545691,1
147222,1.272004,2.375234,11.545691,2
147222,1.962543,2.375234,11.545691,2
147222,4.341780,2.375234,11.545691,1
147222,5.207155,2.375234,11.545691,1
147222,7.465333,2.375234,11.545691,1
147564,7.423809,2.526154,11.531171,1
147912,9.347556,2.631862,11.428214,1
147912,9.463940,2.631862,11.428214,1
147912,11.452560,2.631862,11.428214,1
149653,11.696675,2.799211,11.296069,1
149721,10.363434,2.834144,11.450716,1
149772,7.635597,2.628317,11.463102,1
149772,7.756450,2.628317,11.463102,1
149772,9.010137,2.628317,11.463102,1
149911,1.374997,2.519002,11.578393,2
149911,1.485153,2.519002,11.578393,1
149911,2.778418,2.519002,11.578393,1
149911,3.328547,2.519002,11.578393,1
149911,4.608545,2.519002,11.578393,1
150000,1.312492,2.517787,11.597457,2
150000,3.175400,2.517787,11.597457,1
150000,3.532334,2.517787,11.597457,1
150000,4.166789,2.517787,11.597457,1
150000,4.511925,2.517787,11.597457,1
150000,4.901677,2.517787,11.597457,1
150000,6.732342,2.517787,11.597457,1
150201,5.219058,2.558335,11.654719,1
150201,5.684675,2.558335,11.654719,1
150784,8.004715,2.921626,11.488589,1
151127,12.608632,3.040806,11.397679,1
151127,12.730639,3.040806,11.397679,2
151351,9.634379,3.035081,11.483935,2
151351,10.440875,3.035081,11.483935,1
151351,10.574842,3.035081,11.483935,1
151351,10.716598,3.035081,11.483935,1
152668,2.964837,2.912879,11.628488,2
152686,1.716139,2.862563,11.643145,1
152686,2.671549,2.862563,11.643145,1
152686,3.292827,2.862563,11.643145,1
152686,4.952974,2.862563,11.643145,1
155074,6.235417,3.000732,11.569311,2
155074,7.512423,3.000732,11.569311,2
155074,8.230321,3.000732,11.569311,1
155495,1.467215,2.941448,11.710307,1
155495,1.631191,2.941448,11.710307,1
155495,2.210923,2.941448,11.710307,1
155495,5.263226,2.941448,11.710307,1
155638,3.726034,2.836851,11.772918,1
155638,3.995419,2.836851,11.772918,1
156185,8.615827,3.153060,11.608932,1
156185,9.721663,3.153060,11.608932,2
156185,9.941447,3.153060,11.608932,1
156185,10.041771,3.153060,11.608932,1
156185,10.508030,3.153060,11.608932,1
156185,10.745178,3.153060,11.608932,1
156185,11.615146,3.153060,11.608932,1
156325,6.328901,3.005228,11.593918,1
156325,7.379571,3.005228,11.593918,1
156325,7.497079,3.005228,11.593918,1
156377,8.944027,3.151918,11.545118,1
156377,9.160436,3.151918,11.545118,1
156377,9.508226,3.151918,11.545118,1
156407,10.032142,3.100441,11.579133,1
156407,10.357683,3.100441,11.579133,1
156435,7.789122,3.078359,11.601400,1
156501,5.200525,3.173542,11.679014,1
156501,7.087818,3.173542,11.679014,1
156501,7.400083,3.173542,11.679014,1
156501,10.167825,3.173542,11.679014,1
156501,10.518017,3.173542,11.679014,1
156501,11.407292,3.173542,11.679014,2
156582,9.099392,3.177210,11.530473,1
159530,8.231829,3.306068,11.679275,1
159530,8.748462,3.306068,11.679275,1
159576,8.186934,3.291082,11.676871,1
159576,8.433733,3.291082,11.676871,1
159576,8.783363,3.291082,11.676871,1
159597,11.073560,3.248763,11.927287,1
159597,11.638643,3.248763,11.927287,1
159629,1.044914,3.276949,11.814532,1
159629,4.765438,3.276949,11.814532,1
159629,6.020609,3.276949,11.814532,2
159629,6.379778,3.276949,11.814532,2
159629,9.618878,3.276949,11.814532,1
159629,10.805985,3.276949,11.814532,2
159884,1.121785,3.387058,11.784348,1
159884,1.286142,3.387058,11.784348,2
159884,7.310691,3.387058,11.784348,1
159884,7.530385,3.387058,11.784348,1
160136,1.031977,3.424952,11.774599,1
160136,1.143012,3.424952,11.774599,2
160136,2.592128,3.424952,11.774599,1
160136,2.953934,3.424952,11.774599,1
160141,3.109550,3.416504,11.816222,1
160141,7.311460,3.416504,11.816222,1
160639,8.300875,3.442814,12.069627,1
160639,9.718311,3.442814,12.069627,2
160639,10.685714,3.442814,12.069627,1
160744,5.378693,3.504216,12.039012,1
160849,6.087518,3.482690,12.044712,1
160849,6.563717,3.482690,12.044712,1
160849,6.677791,3.482690,12.044712,1
160849,7.252497,3.482690,12.044712,1
160849,7.743116,3.482690,12.044712,1
160849,10.316414,3.482690,12.044712,1
160849,10.417255,3.482690,12.044712,1
160885,5.137143,3.416405,11.989256,2
160885,7.194388,3.416405,11.989256,1
160885,8.812895,3.416405,11.989256,1
160885,9.846669,3.416405,11.989256,1
160885,10.549811,3.416405,11.989256,1
160885,10.800196,3.416405,11.989256,2
160924,4.728175,3.459862,12.070864,1
160924,5.121275,3.459862,12.070864,2
160924,8.241392,3.459862,12.070864,1
160924,8.415323,3.459862,12.070864,2
160924,9.213297,3.459862,12.070864,1
160924,9.441137,3.459862,12.070864,2
162027,2.446344,3.624116,11.901248,1
162027,2.562158,3.624116,11.901248,1
162042,2.428432,3.613692,11.875922,1
162112,4.684497,3.482998,12.088238,1
162112,4.977300,3.482998,12.088238,2
162112,6.518256,3.482998,12.088238,1
162112,7.374858,3.482998,12.088238,1
162112,8.187369,3.482998,12.088238,1
162112,9.104465,3.482998,12.088238,1
162112,9.399755,3.482998,12.088238,2
162112,10.530458,3.482998,12.088238,1
162944,3.867668,3.584632,12.238044,1
162944,4.336322,3.584632,12.238044,1
162944,4.477945,3.584632,12.238044,1
162944,8.654600,3.584632,12.238044,1
162944,8.771264,3.584632,12.238044,2
162944,10.196916,3.584632,12.238044,1
164767,8.210002,3.698069,12.341843,1
164767,8.923737,3.698069,12.341843,1
164767,9.127393,3.698069,12.341843,1
164767,9.261216,3.698069,12.341843,1
164767,9.974056,3.698069,12.341843,1
164825,2.584970,3.749186,11.995544,1
164856,5.750322,3.677821,12.427693,2
164856,6.740349,3.677821,12.427693,1
164991,1.137076,3.913260,11.893917,1
164991,1.499784,3.913260,11.893917,1
164991,1.900632,3.913260,11.893917,1
165157,1.170652,3.987796,11.862852,2
165157,1.406184,3.987796,11.862852,2
165891,3.143706,3.737585,12.467979,2
165891,3.454019,3.737585,12.467979,1
165891,9.131808,3.737585,12.467979,1
165897,7.746629,3.738956,12.421819,2
165897,7.843815,3.738956,12.421819,1
165897,8.562796,3.738956,12.421819,1
165897,8.721752,3.738956,12.421819,1
165897,8.997475,3.738956,12.421819,1
165897,9.646827,3.738956,12.421819,1
167279,2.869633,3.762884,12.418738,1
167279,7.760212,3.762884,12.418738,1
167279,8.558567,3.762884,12.418738,1
167279,8.681765,3.762884,12.418738,2
167279,8.864779,3.762884,12.418738,1
167279,9.822120,3.762884,12.418738,1
167519,3.821983,3.807678,12.589582,1
167519,3.992963,3.807678,12.589582,1
167519,4.150809,3.807678,12.589582,1
167519,5.433826,3.807678,12.589582,1
167519,5.673435,3.807678,12.589582,1
167519,5.873054,3.807678,12.589582,1
167755,1.983335,3.955523,12.256009,1
167871,2.272924,3.967032,12.210454,1
168046,10.247386,3.893237,12.472637,2
168145,3.650256,3.849412,12.586348,1
168145,8.503108,3.849412,12.586348,1
168149,7.074948,3.868511,12.531152,2
168149,7.669322,3.868511,12.531152,1
168487,2.986417,3.890199,12.699906,1
168487,4.898974,3.890199,12.699906,1
168572,9.511692,4.004049,12.613415,2
168743,2.219050,3.998237,12.730574,1
168743,2.461879,3.998237,12.730574,1
168743,4.098650,3.998237,12.730574,1
168743,5.055564,3.998237,12.730574,1
168743,6.017039,3.998237,12.730574,1
168743,6.188852,3.998237,12.730574,2
168743,6.534544,3.998237,12.730574,1
168743,7.116694,3.998237,12.730574,2
168743,7.513953,3.998237,12.730574,1
169395,1.246331,4.057686,12.756140,1
169395,1.421796,4.057686,12.756140,2
169395,1.706606,4.057686,12.756140,1
169395,2.217811,4.057686,12.756140,1
169395,2.741738,4.057686,12.756140,1
169395,4.145631,4.057686,12.756140,1
169395,4.749560,4.057686,12.756140,1
169395,7.066625,4.057686,12.756140,1
169767,1.042795,4.116425,12.830368,3
169767,2.519928,4.116425,12.830368,1
169767,5.449676,4.116425,12.830368,1
169767,5.651341,4.116425,12.830368,1
169767,6.089741,4.116425,12.830368,2
169767,6.323552,4.116425,12.830368,1
169767,6.451318,4.116425,12.830368,1
169767,6.656155,4.116425,12.830368,1
169767,6.822688,4.116425,12.830368,1
169767,6.981423,4.116425,12.830368,1
169767,7.600763,4.116425,12.830368,1
169819,1.578410,4.164103,12.882456,1
169819,2.098604,4.164103,12.882456,1
169819,2.515566,4.164103,12.882456,1
169819,4.895731,4.164103,12.882456,1
169819,5.311117,4.164103,12.882456,1
169819,6.009590,4.164103,12.882456,2
169819,6.472232,4.164103,12.882456,1
170808,2.958051,4.296705,12.867344,1
170808,3.389608,4.296705,12.867344,1
170887,3.428426,4.327595,12.918794,1
171143,1.902923,4.290283,12.965958,1
171143,4.608325,4.290283,12.965958,2
171143,5.227827,4.290283,12.965958,1
171143,5.334199,4.290283,12.965958,1
171143,5.890249,4.290283,12.965958,1
176763,1.966060,4.589036,13.191806,1
176763,2.796969,4.589036,13.191806,1
176763,5.935485,4.589036,13.191806,1
176810,6.008347,4.570431,13.174224,1
176842,3.729727,4.518560,13.081109,1
176842,4.121825,4.518560,13.081109,1
176842,4.354312,4.518560,13.081109,2
178731,3.151517,4.611775,13.150694,1
178731,3.303662,4.611775,13.150694,1
178731,5.060356,4.611775,13.150694,1
178731,5.678350,4.611775,13.150694,1
179326,2.350787,4.826687,13.219404,2
179326,2.857381,4.826687,13.219404,1
179326,3.099981,4.826687,13.219404,2
179509,4.033647,4.775585,13.282838,1
179530,2.000035,4.905737,13.256179,2
179530,2.700965,4.905737,13.256179,1
179590,2.693984,4.890543,13.286893,1
179590,2.919629,4.890543,13.286893,1
179590,3.411087,4.890543,13.286893,1
179590,3.555853,4.890543,13.286893,1
181473,1.101520,5.220720,13.389415,2
181473,1.314753,5.220720,13.389415,1
181473,3.051954,5.220720,13.389415,1
181473,3.405800,5.220720,13.389415,1
181473,3.520681,5.220720,13.389415,1
181480,3.418985,5.172969,13.408167,1
183818,1.880725,5.438008,13.335864,1
183818,2.499329,5.438008,13.335864,1
183820,1.116713,5.401705,13.414916,1
183820,1.607240,5.401705,13.414916,1
183891,2.450245,5.422463,13.352512,1
184407,2.467881,5.459510,13.308835,1
185510,1.951556,5.612034,13.236010,1
186345,1.258485,5.717520,13.298992,1
186345,1.383430,5.717520,13.298992,2
186411,1.333832,5.713847,13.308933,2
