40,4.651796,2.091708,-0.020488,24
40,4.745348,2.091708,-0.020488,9942
178,3.184012,2.453997,-0.005536,44
178,3.276691,2.453997,-0.005536,9944
311,5.653173,1.872569,-0.030912,256
311,5.657061,1.872569,-0.030912,6
311,5.657970,1.872569,-0.030912,297
311,5.658910,1.872569,-0.030912,215
311,5.659371,1.872569,-0.030912,7
311,5.666666,1.872569,-0.030912,8398
354,8.720084,1.091661,0.025986,7
354,8.815895,1.091661,0.025986,276
354,8.817054,1.091661,0.025986,33
354,8.820832,1.091661,0.025986,31
354,8.831908,1.091661,0.025986,13
354,8.832255,1.091661,0.025986,4
354,8.832862,1.091661,0.025986,9340
360,1.576107,2.870751,-0.019147,8466
360,1.662672,2.870751,-0.019147,1408
643,7.148617,1.499312,-0.040617,2140
643,7.201005,1.499312,-0.040617,7681
841,8.965379,1.027019,0.022625,40
841,9.072456,1.027019,0.022625,9850
886,6.157846,1.756579,-0.046807,1678
886,6.158006,1.756579,-0.046807,26
886,6.163567,1.756579,-0.046807,26
886,6.164747,1.756579,-0.046807,6
886,6.166404,1.756579,-0.046807,44
886,6.169902,1.756579,-0.046807,8
886,6.170331,1.756579,-0.046807,1
886,6.170340,1.756579,-0.046807,5
886,6.170516,1.756579,-0.046807,13
886,6.171746,1.756579,-0.046807,1
886,6.174009,1.756579,-0.046807,2
886,6.174034,1.756579,-0.046807,14
886,6.174721,1.756579,-0.046807,1
886,6.176832,1.756579,-0.046807,48
1005,1.051006,3.002946,-0.037726,8488
1005,1.130068,3.002946,-0.037726,1349
1099,3.021449,2.531641,0.009996,70
1099,3.022603,2.531641,0.009996,75
1099,3.026496,2.531641,0.009996,23
1099,3.026585,2.531641,0.009996,111
1099,3.026724,2.531641,0.009996,52
1099,3.029554,2.531641,0.009996,7
1099,3.030812,2.531641,0.009996,17
1099,3.031785,2.531641,0.009996,1
1227,6.662031,1.584492,0.013131,1
1360,7.861643,1.329333,-0.000993,1127
1360,7.878576,1.329333,-0.000993,579
1360,7.900644,1.329333,-0.000993,8018
1693,4.618455,2.122345,-0.023661,1192
1693,4.664813,2.122345,-0.023661,8708
1712,7.489675,1.380640,-0.016201,26
1712,7.645268,1.380640,-0.016201,9885
1886,12.504957,0.179678,-0.029127,1278
1886,12.586431,0.179678,-0.029127,793
1886,12.632242,0.179678,-0.029127,2736
2229,5.313193,1.960631,-0.050787,5
2229,5.320419,1.960631,-0.050787,1684
2229,5.320583,1.960631,-0.050787,3
2229,5.327728,1.960631,-0.050787,9
2229,5.327922,1.960631,-0.050787,3
2229,5.328592,1.960631,-0.050787,140
2229,5.328817,1.960631,-0.050787,10
2229,5.331263,1.960631,-0.050787,19
2229,5.331307,1.960631,-0.050787,17
2229,5.331333,1.960631,-0.050787,2
2229,5.332641,1.960631,-0.050787,33
2229,5.332655,1.960631,-0.050787,1
2229,5.333516,1.960631,-0.050787,11
2229,5.333790,1.960631,-0.050787,78
2229,5.334021,1.960631,-0.050787,5
2229,5.334756,1.960631,-0.050787,129
2229,5.335197,1.960631,-0.050787,55
2302,1.420160,2.893282,0.002573,20
2302,1.487554,2.893282,0.002573,5
2302,1.532270,2.893282,0.002573,8
2302,1.537526,2.893282,0.002573,25
2302,1.537575,2.893282,0.002573,3
2302,1.538466,2.893282,0.002573,31
2302,1.540895,2.893282,0.002573,20
2302,1.541213,2.893282,0.002573,74
2302,1.542475,2.893282,0.002573,5
2302,1.544148,2.893282,0.002573,206
2302,1.545082,2.893282,0.002573,41
2302,1.545308,2.893282,0.002573,86
2302,1.545563,2.893282,0.002573,77
2302,1.545744,2.893282,0.002573,183
2302,1.545952,2.893282,0.002573,2
2302,1.546013,2.893282,0.002573,1
2302,1.547042,2.893282,0.002573,52
2302,1.547108,2.893282,0.002573,7
2302,1.548107,2.893282,0.002573,19
2302,1.548486,2.893282,0.002573,65
2302,1.548900,2.893282,0.002573,1
2302,1.549192,2.893282,0.002573,1
2302,1.549220,2.893282,0.002573,10
2302,1.549421,2.893282,0.002573,4
2302,1.549643,2.893282,0.002573,33
2302,1.549782,2.893282,0.002573,120
2302,1.550883,2.893282,0.002573,23
2302,1.552387,2.893282,0.002573,3
2302,1.553716,2.893282,0.002573,15
2302,1.553764,2.893282,0.002573,195
2302,1.556102,2.893282,0.002573,3
2302,1.556196,2.893282,0.002573,11
2302,1.560005,2.893282,0.002573,67
2302,1.561353,2.893282,0.002573,8
2325,8.932412,1.068505,0.042609,2
2325,8.945859,1.068505,0.042609,1
2325,8.947043,1.068505,0.042609,23
2325,8.948852,1.068505,0.042609,141
2325,8.951293,1.068505,0.042609,683
2325,8.952477,1.068505,0.042609,373
2325,8.952919,1.068505,0.042609,3
2325,8.953128,1.068505,0.042609,3
2325,8.954495,1.068505,0.042609,57
2325,8.954596,1.068505,0.042609,1
2325,8.955580,1.068505,0.042609,31
2325,8.955755,1.068505,0.042609,135
2325,8.956107,1.068505,0.042609,5
2325,8.956311,1.068505,0.042609,52
2325,8.956343,1.068505,0.042609,68
2325,8.956365,1.068505,0.042609,50
2325,8.956947,1.068505,0.042609,274
2325,8.957038,1.068505,0.042609,114
2325,8.957644,1.068505,0.042609,275
2325,8.958090,1.068505,0.042609,74
2325,8.958818,1.068505,0.042609,701
2325,8.959734,1.068505,0.042609,82
2325,8.960122,1.068505,0.042609,2
2325,8.960640,1.068505,0.042609,429
2325,8.961270,1.068505,0.042609,10
2325,8.962134,1.068505,0.042609,29
2325,8.962913,1.068505,0.042609,62
2325,8.963225,1.068505,0.042609,147
2325,8.964058,1.068505,0.042609,1
2325,8.964125,1.068505,0.042609,20
2325,8.964651,1.068505,0.042609,207
2325,8.964720,1.068505,0.042609,9
2325,8.964962,1.068505,0.042609,80
2325,8.965728,1.068505,0.042609,18
2325,8.966922,1.068505,0.042609,142
2325,8.967015,1.068505,0.042609,5
2325,8.967206,1.068505,0.042609,149
2325,8.967975,1.068505,0.042609,24
2325,8.969225,1.068505,0.042609,2
2325,8.969280,1.068505,0.042609,1
2325,8.969644,1.068505,0.042609,1
2325,8.970549,1.068505,0.042609,6
2325,8.972663,1.068505,0.042609,17
2420,9.397001,0.944760,0.027719,9889
2568,6.856984,1.567483,-0.029197,894
2568,6.893175,1.567483,-0.029197,4
2568,6.894601,1.567483,-0.029197,12
2568,6.899466,1.567483,-0.029197,5
2568,6.899764,1.567483,-0.029197,341
2568,6.901102,1.567483,-0.029197,36
2568,6.912542,1.567483,-0.029197,432
2568,6.913980,1.567483,-0.029197,123
2568,6.916677,1.567483,-0.029197,6
2568,6.919495,1.567483,-0.029197,13
2568,6.920670,1.567483,-0.029197,38
2568,6.920804,1.567483,-0.029197,61
2568,6.923425,1.567483,-0.029197,140
2568,6.925312,1.567483,-0.029197,13
2652,12.411181,0.240278,-0.059897,1
2652,12.436095,0.240278,-0.059897,4824
2741,10.399261,0.691196,0.036776,665
2741,10.438179,0.691196,0.036776,9224
2915,10.395199,0.713656,0.061838,4
2915,10.399073,0.713656,0.061838,1
2915,10.399740,0.713656,0.061838,28
2915,10.401708,0.713656,0.061838,1
2915,10.402295,0.713656,0.061838,10
2915,10.402539,0.713656,0.061838,89
2915,10.403333,0.713656,0.061838,1
2915,10.405310,0.713656,0.061838,16
2915,10.405723,0.713656,0.061838,10
2915,10.406162,0.713656,0.061838,8
2915,10.406261,0.713656,0.061838,2
2915,10.406831,0.713656,0.061838,11
2915,10.408769,0.713656,0.061838,14
2915,10.412390,0.713656,0.061838,13
3018,6.134339,1.734673,0.014896,47
3048,6.578125,1.654771,-0.058875,51
3048,6.579405,1.654771,-0.058875,50
3048,6.579639,1.654771,-0.058875,68
3048,6.579810,1.654771,-0.058875,265
3048,6.580386,1.654771,-0.058875,268
3048,6.581532,1.654771,-0.058875,2206
3048,6.581584,1.654771,-0.058875,2
3048,6.581617,1.654771,-0.058875,424
3048,6.581642,1.654771,-0.058875,180
3048,6.583021,1.654771,-0.058875,71
3048,6.583980,1.654771,-0.058875,324
3048,6.584096,1.654771,-0.058875,25
3048,6.584713,1.654771,-0.058875,88
3048,6.584895,1.654771,-0.058875,3
3048,6.585526,1.654771,-0.058875,76
3048,6.586601,1.654771,-0.058875,47
3048,6.586678,1.654771,-0.058875,30
3048,6.587367,1.654771,-0.058875,303
3048,6.588892,1.654771,-0.058875,151
3048,6.589266,1.654771,-0.058875,79
3084,8.566392,1.124608,-0.001670,56
3084,8.671617,1.124608,-0.001670,943
3084,8.701403,1.124608,-0.001670,15
3084,8.702446,1.124608,-0.001670,37
3084,8.703017,1.124608,-0.001670,110
3084,8.703401,1.124608,-0.001670,147
3084,8.704879,1.124608,-0.001670,20
3084,8.705887,1.124608,-0.001670,562
3084,8.705968,1.124608,-0.001670,454
3084,8.708563,1.124608,-0.001670,466
3084,8.709243,1.124608,-0.001670,130
3084,8.709356,1.124608,-0.001670,2
3084,8.709381,1.124608,-0.001670,169
3084,8.709451,1.124608,-0.001670,7
3084,8.709579,1.124608,-0.001670,6
3084,8.710224,1.124608,-0.001670,1
3084,8.710573,1.124608,-0.001670,133
3084,8.710976,1.124608,-0.001670,6
3084,8.711113,1.124608,-0.001670,50
3084,8.711739,1.124608,-0.001670,15
3084,8.712432,1.124608,-0.001670,2
3084,8.714619,1.124608,-0.001670,150
3084,8.715908,1.124608,-0.001670,45
3084,8.716087,1.124608,-0.001670,7
3084,8.716156,1.124608,-0.001670,9
3084,8.716418,1.124608,-0.001670,39
3084,8.716657,1.124608,-0.001670,8
3084,8.719669,1.124608,-0.001670,853
3084,8.720182,1.124608,-0.001670,2
3084,8.720472,1.124608,-0.001670,190
3084,8.720734,1.124608,-0.001670,151
3084,8.721677,1.124608,-0.001670,5
3084,8.724247,1.124608,-0.001670,53
3084,8.727052,1.124608,-0.001670,21
3273,2.992026,2.503825,0.020655,2
3310,11.009112,0.520349,0.046940,2
3310,11.113620,0.520349,0.046940,471
3310,11.190150,0.520349,0.046940,8131
3351,2.146656,2.736760,0.018706,228
3351,2.149185,2.736760,0.018706,7
3351,2.150440,2.736760,0.018706,183
3351,2.151766,2.736760,0.018706,101
3351,2.152177,2.736760,0.018706,7
3351,2.153040,2.736760,0.018706,1
3351,2.153609,2.736760,0.018706,270
3351,2.154370,2.736760,0.018706,7
3351,2.154873,2.736760,0.018706,48
3351,2.155796,2.736760,0.018706,6
3351,2.155851,2.736760,0.018706,5
3351,2.156191,2.736760,0.018706,4
3351,2.156314,2.736760,0.018706,8
3351,2.156999,2.736760,0.018706,153
3351,2.157004,2.736760,0.018706,10
3351,2.158583,2.736760,0.018706,22
3351,2.158898,2.736760,0.018706,35
3351,2.159662,2.736760,0.018706,144
3351,2.160299,2.736760,0.018706,490
3351,2.161116,2.736760,0.018706,30
3351,2.162671,2.736760,0.018706,12
3351,2.164006,2.736760,0.018706,6
3351,2.164916,2.736760,0.018706,17
3351,2.166792,2.736760,0.018706,4
3351,2.166898,2.736760,0.018706,5
3351,2.167350,2.736760,0.018706,144
3351,2.168179,2.736760,0.018706,22
3351,2.168604,2.736760,0.018706,36
3351,2.169395,2.736760,0.018706,6
3351,2.169759,2.736760,0.018706,7
3351,2.170250,2.736760,0.018706,48
3351,2.171633,2.736760,0.018706,21
3351,2.172312,2.736760,0.018706,110
3351,2.173922,2.736760,0.018706,11
3351,2.174048,2.736760,0.018706,583
3351,2.177170,2.736760,0.018706,13
3649,4.094945,2.242911,0.001121,9
3649,4.127677,2.242911,0.001121,482
3649,4.174077,2.242911,0.001121,2606
3649,4.190079,2.242911,0.001121,6719
3957,7.650332,1.354117,-0.031164,76
3957,7.731459,1.354117,-0.031164,1167
3957,7.773034,1.354117,-0.031164,8725
4168,3.928353,2.290065,-0.001947,112
4168,3.952954,2.290065,-0.001947,7
4168,3.959607,2.290065,-0.001947,4
4168,3.975267,2.290065,-0.001947,2
4219,8.829226,1.064687,-0.001736,73
4219,8.908358,1.064687,-0.001736,189
4219,8.915744,1.064687,-0.001736,373
4219,8.925265,1.064687,-0.001736,3
4219,8.938757,1.064687,-0.001736,83
4219,8.945130,1.064687,-0.001736,37
4219,8.948203,1.064687,-0.001736,4
4219,8.952651,1.064687,-0.001736,27
4219,8.953986,1.064687,-0.001736,5
4219,8.958575,1.064687,-0.001736,3
4219,8.966747,1.064687,-0.001736,14
4617,9.934393,0.810784,0.007717,5
4617,9.937900,0.810784,0.007717,83
4617,9.942186,0.810784,0.007717,53
4617,9.945882,0.810784,0.007717,2
4617,9.946013,0.810784,0.007717,7
4617,9.946548,0.810784,0.007717,198
4617,9.947513,0.810784,0.007717,12
4617,9.950401,0.810784,0.007717,1
4617,9.956993,0.810784,0.007717,5869
4617,9.962728,0.810784,0.007717,22
4617,9.986940,0.810784,0.007717,2644
4644,7.046685,1.523613,-0.049981,2156
4644,7.101916,1.523613,-0.049981,7731
4745,7.315584,1.430315,-0.000957,32
4825,12.975396,0.050748,-0.000453,123
4919,12.168960,0.230262,-0.005838,30
4919,12.382492,0.230262,-0.005838,9
4919,12.449232,0.230262,-0.005838,187
4932,11.806758,0.342574,-0.036255,490
4932,11.861837,0.342574,-0.036255,347
4932,11.875583,0.342574,-0.036255,507
4932,11.955884,0.342574,-0.036255,1897
4932,12.024937,0.342574,-0.036255,140
4932,12.028397,0.342574,-0.036255,14
4932,12.029914,0.342574,-0.036255,1514
4932,12.032174,0.342574,-0.036255,44
4932,12.036272,0.342574,-0.036255,2
4932,12.038616,0.342574,-0.036255,31
4932,12.042822,0.342574,-0.036255,1
4932,12.044933,0.342574,-0.036255,7
4932,12.045750,0.342574,-0.036255,176
4932,12.056920,0.342574,-0.036255,1
4932,12.057629,0.342574,-0.036255,16
5002,1.065840,3.006754,-0.030753,1508
5002,1.076309,3.006754,-0.030753,522
5002,1.077245,3.006754,-0.030753,232
5002,1.080338,3.006754,-0.030753,1505
5002,1.080677,3.006754,-0.030753,418
5002,1.081931,3.006754,-0.030753,1234
5002,1.085315,3.006754,-0.030753,1424
5002,1.085850,3.006754,-0.030753,473
5002,1.086689,3.006754,-0.030753,572
5002,1.091011,3.006754,-0.030753,365
5002,1.119687,3.006754,-0.030753,1281
5014,7.554540,1.383666,0.003901,2
5085,4.387304,2.163749,-0.000957,140
5085,4.467520,2.163749,-0.000957,9819
5134,11.713657,0.381896,-0.041730,23
5134,11.729770,0.381896,-0.041730,198
5134,11.834194,0.381896,-0.041730,9
5134,11.854210,0.381896,-0.041730,7187
5134,11.855608,0.381896,-0.041730,255
5427,3.239416,2.463201,-0.033846,3
5427,3.242848,2.463201,-0.033846,68
5427,3.247690,2.463201,-0.033846,1
5427,3.248369,2.463201,-0.033846,58
5427,3.248468,2.463201,-0.033846,1
5427,3.248533,2.463201,-0.033846,31
5427,3.249341,2.463201,-0.033846,1
5427,3.250941,2.463201,-0.033846,2
5427,3.255735,2.463201,-0.033846,28
5427,3.258279,2.463201,-0.033846,1
5427,3.259501,2.463201,-0.033846,20
5427,3.261200,2.463201,-0.033846,4
5427,3.262566,2.463201,-0.033846,1
5427,3.264034,2.463201,-0.033846,3
5427,3.264188,2.463201,-0.033846,25
5427,3.266568,2.463201,-0.033846,56
5427,3.268462,2.463201,-0.033846,43
5427,3.272917,2.463201,-0.033846,23
5585,9.783221,0.836493,0.027164,724
5585,9.848362,0.836493,0.027164,4070
5585,9.871405,0.836493,0.027164,4917
5671,2.174139,2.706465,-0.012612,49
5671,2.267721,2.706465,-0.012612,3781
5671,2.296130,2.706465,-0.012612,865
5671,2.307637,2.706465,-0.012612,2309
5671,2.311036,2.706465,-0.012612,2928
5861,12.329521,0.192040,-0.003326,34
5861,12.467130,0.192040,-0.003326,30
5861,12.525733,0.192040,-0.003326,11
5861,12.531127,0.192040,-0.003326,2
5861,12.572777,0.192040,-0.003326,1
5861,12.580000,0.192040,-0.003326,265
5861,12.640556,0.192040,-0.003326,7
5994,2.231885,2.704940,-0.000493,1369
5994,2.291563,2.704940,-0.000493,7125
5994,2.322118,2.704940,-0.000493,322
5994,2.322379,2.704940,-0.000493,988
6300,10.114504,0.762950,0.035496,657
6300,10.146035,0.762950,0.035496,67
6300,10.150402,0.762950,0.035496,18
6300,10.153306,0.762950,0.035496,598
6300,10.168274,0.762950,0.035496,3443
6300,10.196562,0.762950,0.035496,4963
6389,7.288103,1.467062,-0.049781,274
6389,7.298287,1.467062,-0.049781,4521
6389,7.306188,1.467062,-0.049781,90
6389,7.323118,1.467062,-0.049781,4692
6389,7.324042,1.467062,-0.049781,185
6674,2.680066,2.597365,-0.023510,3098
6674,2.730026,2.597365,-0.023510,5489
6674,2.755264,2.597365,-0.023510,1293
6735,3.095564,2.514737,0.019613,2
6943,10.036314,0.777211,0.039469,38
6943,10.068153,0.777211,0.039469,636
6943,10.094946,0.777211,0.039469,336
6943,10.098475,0.777211,0.039469,1
6943,10.103225,0.777211,0.039469,27
6943,10.109606,0.777211,0.039469,2
6943,10.115301,0.777211,0.039469,21
6943,10.122437,0.777211,0.039469,234
6943,10.128437,0.777211,0.039469,22
6943,10.130617,0.777211,0.039469,41
6943,10.131316,0.777211,0.039469,1
6943,10.131853,0.777211,0.039469,71
6943,10.132732,0.777211,0.039469,56
6943,10.132734,0.777211,0.039469,435
6943,10.133274,0.777211,0.039469,212
6943,10.133311,0.777211,0.039469,19
6943,10.134558,0.777211,0.039469,15
6943,10.134886,0.777211,0.039469,265
6943,10.135130,0.777211,0.039469,6
6943,10.135345,0.777211,0.039469,115
6943,10.135481,0.777211,0.039469,1015
6943,10.135777,0.777211,0.039469,5
6943,10.137020,0.777211,0.039469,1
6943,10.137754,0.777211,0.039469,6
6943,10.137855,0.777211,0.039469,7
6943,10.138754,0.777211,0.039469,860
6943,10.139004,0.777211,0.039469,12
6943,10.139108,0.777211,0.039469,5
6943,10.139407,0.777211,0.039469,14
6943,10.139715,0.777211,0.039469,30
6943,10.140017,0.777211,0.039469,1
6943,10.140552,0.777211,0.039469,19
6943,10.141281,0.777211,0.039469,6
6943,10.141436,0.777211,0.039469,966
6943,10.141803,0.777211,0.039469,84
6943,10.141806,0.777211,0.039469,22
6943,10.142282,0.777211,0.039469,388
6943,10.143652,0.777211,0.039469,18
6943,10.143794,0.777211,0.039469,318
6943,10.144117,0.777211,0.039469,201
6943,10.144348,0.777211,0.039469,18
6975,2.003143,2.771763,0.021889,212
6975,2.009413,2.771763,0.021889,18
6975,2.009424,2.771763,0.021889,1
6975,2.009618,2.771763,0.021889,14
6975,2.010660,2.771763,0.021889,42
6975,2.012634,2.771763,0.021889,13
6975,2.013246,2.771763,0.021889,124
6975,2.013365,2.771763,0.021889,7
6975,2.013494,2.771763,0.021889,11
6975,2.017466,2.771763,0.021889,58
6975,2.017704,2.771763,0.021889,193
6975,2.018665,2.771763,0.021889,73
6975,2.018959,2.771763,0.021889,68
6975,2.019470,2.771763,0.021889,2
6975,2.019976,2.771763,0.021889,65
6975,2.020478,2.771763,0.021889,176
6975,2.020630,2.771763,0.021889,2
6975,2.020687,2.771763,0.021889,7
6975,2.020738,2.771763,0.021889,162
6975,2.020989,2.771763,0.021889,294
6975,2.021155,2.771763,0.021889,36
6975,2.021228,2.771763,0.021889,6
6975,2.021517,2.771763,0.021889,3
6975,2.021801,2.771763,0.021889,22
6975,2.025119,2.771763,0.021889,108
6975,2.025382,2.771763,0.021889,495
6975,2.025696,2.771763,0.021889,8
6975,2.026508,2.771763,0.021889,1
6975,2.027008,2.771763,0.021889,28
6975,2.027366,2.771763,0.021889,125
6975,2.027457,2.771763,0.021889,1
6975,2.030844,2.771763,0.021889,11
6975,2.031183,2.771763,0.021889,575
6975,2.031359,2.771763,0.021889,1
6975,2.034708,2.771763,0.021889,2
7028,4.901640,2.051859,-0.021481,2170
7028,4.946732,2.051859,-0.021481,1
7028,4.947611,2.051859,-0.021481,26
7028,4.949805,2.051859,-0.021481,121
7028,4.950982,2.051859,-0.021481,5
7028,4.952129,2.051859,-0.021481,6489
7028,4.952910,2.051859,-0.021481,2
7028,4.952983,2.051859,-0.021481,309
7028,4.953842,2.051859,-0.021481,128
7028,4.953869,2.051859,-0.021481,14
7095,4.030365,2.264304,0.021905,9961
7180,12.795591,0.110983,-0.048133,16
7180,12.801367,0.110983,-0.048133,11
7180,12.898959,0.110983,-0.048133,35
7180,12.939694,0.110983,-0.048133,266
7180,12.973839,0.110983,-0.048133,4258
7268,11.184594,0.489509,0.013182,1265
7268,11.276479,0.489509,0.013182,125
7268,11.352639,0.489509,0.013182,11
7268,11.369480,0.489509,0.013182,7179
7268,11.379739,0.489509,0.013182,261
7301,8.855945,1.048458,0.036040,15
7301,9.000006,1.048458,0.036040,363
7301,9.004796,1.048458,0.036040,5
7301,9.020699,1.048458,0.036040,771
7301,9.021921,1.048458,0.036040,99
7301,9.025080,1.048458,0.036040,5086
7301,9.034715,1.048458,0.036040,1465
7301,9.035596,1.048458,0.036040,1122
7527,9.545187,0.903573,0.009284,839
7527,9.596318,0.903573,0.009284,8917
7749,7.748459,1.312885,-0.008470,21
7749,7.866754,1.312885,-0.008470,17
7749,7.923050,1.312885,-0.008470,9771
7958,8.077057,1.249894,-0.024891,67
7958,8.153808,1.249894,-0.024891,178
7958,8.178345,1.249894,-0.024891,1
7958,8.179737,1.249894,-0.024891,39
7958,8.181122,1.249894,-0.024891,13
8002,4.408332,2.177159,0.008799,9898
8017,10.553682,0.658702,0.049408,2
8017,10.566011,0.658702,0.049408,60
8017,10.574034,0.658702,0.049408,57
8017,10.576598,0.658702,0.049408,4
8017,10.580008,0.658702,0.049408,8672
8169,2.306770,2.695643,0.007155,40
8169,2.318053,2.695643,0.007155,1108
8169,2.323154,2.695643,0.007155,354
8169,2.323716,2.695643,0.007155,191
8169,2.323747,2.695643,0.007155,412
8169,2.324719,2.695643,0.007155,577
8169,2.324774,2.695643,0.007155,10
8169,2.324992,2.695643,0.007155,723
8169,2.325369,2.695643,0.007155,520
8169,2.330619,2.695643,0.007155,168
8169,2.331652,2.695643,0.007155,2217
8169,2.334393,2.695643,0.007155,11
8169,2.334707,2.695643,0.007155,6
8169,2.336833,2.695643,0.007155,3
8169,2.337657,2.695643,0.007155,101
8169,2.338061,2.695643,0.007155,1259
8169,2.356737,2.695643,0.007155,103
8169,2.362221,2.695643,0.007155,85
8169,2.363053,2.695643,0.007155,14
8169,2.363875,2.695643,0.007155,11
8169,2.365945,2.695643,0.007155,20
8169,2.370041,2.695643,0.007155,13
8189,4.637128,2.119925,-0.018172,9917
8327,7.942459,1.306427,-0.004519,16
8327,7.947392,1.306427,-0.004519,9771
8401,3.224869,2.468901,-0.035778,4
8401,3.227764,2.468901,-0.035778,25
8401,3.228942,2.468901,-0.035778,1
8401,3.229548,2.468901,-0.035778,55
8401,3.231681,2.468901,-0.035778,21
8401,3.237991,2.468901,-0.035778,64
8401,3.238185,2.468901,-0.035778,1
8401,3.239936,2.468901,-0.035778,52
8401,3.241386,2.468901,-0.035778,54
8401,3.241811,2.468901,-0.035778,2
8401,3.242588,2.468901,-0.035778,4
8401,3.243831,2.468901,-0.035778,1
8401,3.245167,2.468901,-0.035778,1
8401,3.245247,2.468901,-0.035778,25
8467,10.277786,0.717675,0.018626,879
8467,10.336910,0.717675,0.018626,548
8467,10.338052,0.717675,0.018626,902
8467,10.339251,0.717675,0.018626,69
8467,10.340378,0.717675,0.018626,328
8467,10.340418,0.717675,0.018626,21
8467,10.340446,0.717675,0.018626,404
8467,10.342147,0.717675,0.018626,41
8467,10.342267,0.717675,0.018626,15
8467,10.342790,0.717675,0.018626,4
8467,10.344588,0.717675,0.018626,1
8467,10.347363,0.717675,0.018626,455
8467,10.347607,0.717675,0.018626,31
8467,10.347816,0.717675,0.018626,1270
8467,10.347842,0.717675,0.018626,100
8467,10.347961,0.717675,0.018626,1
8467,10.348658,0.717675,0.018626,66
8467,10.349374,0.717675,0.018626,42
8467,10.349539,0.717675,0.018626,7
8467,10.349594,0.717675,0.018626,2
8467,10.350074,0.717675,0.018626,275
8467,10.350860,0.717675,0.018626,80
8467,10.351340,0.717675,0.018626,10
8467,10.351822,0.717675,0.018626,32
8467,10.351945,0.717675,0.018626,6
8467,10.351995,0.717675,0.018626,141
8467,10.352173,0.717675,0.018626,371
8467,10.352192,0.717675,0.018626,34
8467,10.352391,0.717675,0.018626,8
8467,10.352420,0.717675,0.018626,55
8467,10.352671,0.717675,0.018626,4
8467,10.352904,0.717675,0.018626,14
8467,10.353353,0.717675,0.018626,8
8467,10.353773,0.717675,0.018626,80
8467,10.354613,0.717675,0.018626,9
8467,10.354634,0.717675,0.018626,54
8467,10.354824,0.717675,0.018626,1
8467,10.354997,0.717675,0.018626,48
8467,10.356678,0.717675,0.018626,16
8467,10.357473,0.717675,0.018626,17
8467,10.357871,0.717675,0.018626,13
8467,10.359280,0.717675,0.018626,26
8467,10.360978,0.717675,0.018626,23
8724,1.337269,2.938920,-0.033473,9870
8907,2.720035,2.595986,-0.008725,9892
9051,8.979605,1.025498,0.037741,10
9051,9.087580,1.025498,0.037741,342
9051,9.101116,1.025498,0.037741,644
9051,9.110129,1.025498,0.037741,51
9051,9.119373,1.025498,0.037741,5093
9051,9.120417,1.025498,0.037741,17
9051,9.123782,1.025498,0.037741,278
9051,9.124572,1.025498,0.037741,1434
9051,9.127394,1.025498,0.037741,1
9051,9.128111,1.025498,0.037741,729
9716,9.142683,1.001376,0.026746,17
9716,9.157181,1.001376,0.026746,9909
9759,11.049448,0.528834,0.039380,9
9759,11.051303,0.528834,0.039380,17
9759,11.052026,0.528834,0.039380,19
9759,11.055438,0.528834,0.039380,36
9759,11.061308,0.528834,0.039380,62
9759,11.066766,0.528834,0.039380,18
9759,11.072546,0.528834,0.039380,104
9759,11.074661,0.528834,0.039380,213
9759,11.077655,0.528834,0.039380,73
9759,11.151013,0.528834,0.039380,915
9759,11.193356,0.528834,0.039380,7565
9891,1.450917,2.899520,-0.019512,8451
9891,1.538681,2.899520,-0.019512,1493
9905,12.886265,0.130683,-0.062973,4746
10039,1.864904,2.814951,0.025216,33
10039,1.865821,2.814951,0.025216,11
10039,1.865870,2.814951,0.025216,22
10039,1.868814,2.814951,0.025216,9
10039,1.875475,2.814951,0.025216,32
10071,12.121163,0.262023,-0.052548,34
10071,12.151409,0.262023,-0.052548,7
10071,12.156759,0.262023,-0.052548,17
10071,12.160592,0.262023,-0.052548,28
10071,12.164049,0.262023,-0.052548,158
10071,12.174342,0.262023,-0.052548,120
10071,12.183912,0.262023,-0.052548,1
10071,12.195856,0.262023,-0.052548,336
10071,12.196459,0.262023,-0.052548,34
10071,12.273746,0.262023,-0.052548,1
10071,12.289502,0.262023,-0.052548,42
10071,12.319537,0.262023,-0.052548,74
10071,12.319946,0.262023,-0.052548,3440
10071,12.395270,0.262023,-0.052548,3738
10227,1.112350,2.984717,-0.041593,8466
10227,1.191350,2.984717,-0.041593,1426
10396,6.182495,1.751464,-0.068908,14
10475,4.248809,2.202872,0.007415,1223
10475,4.332721,2.202872,0.007415,8651
10565,1.134339,2.979434,-0.018966,35
10565,1.170744,2.979434,-0.018966,16
10565,1.176136,2.979434,-0.018966,11
10565,1.180157,2.979434,-0.018966,37
10565,1.183146,2.979434,-0.018966,1
10565,1.183960,2.979434,-0.018966,4
10565,1.183962,2.979434,-0.018966,43
10565,1.185128,2.979434,-0.018966,14
10565,1.185214,2.979434,-0.018966,165
10565,1.185643,2.979434,-0.018966,181
10565,1.187253,2.979434,-0.018966,167
10565,1.188386,2.979434,-0.018966,246
10565,1.188438,2.979434,-0.018966,49
10565,1.188565,2.979434,-0.018966,39
10565,1.189562,2.979434,-0.018966,15
10565,1.189717,2.979434,-0.018966,2
10565,1.190168,2.979434,-0.018966,7
10565,1.190545,2.979434,-0.018966,9
10565,1.191095,2.979434,-0.018966,91
10565,1.191216,2.979434,-0.018966,17
10565,1.191386,2.979434,-0.018966,159
10565,1.191425,2.979434,-0.018966,17
10565,1.191474,2.979434,-0.018966,62
10565,1.191919,2.979434,-0.018966,149
10565,1.192341,2.979434,-0.018966,6
10565,1.192348,2.979434,-0.018966,9
10565,1.193016,2.979434,-0.018966,127
10565,1.193040,2.979434,-0.018966,43
10565,1.193495,2.979434,-0.018966,11
10565,1.193975,2.979434,-0.018966,18
10565,1.194337,2.979434,-0.018966,10
10565,1.194346,2.979434,-0.018966,99
10565,1.194541,2.979434,-0.018966,6
10565,1.194610,2.979434,-0.018966,194
10565,1.194663,2.979434,-0.018966,35
10565,1.196071,2.979434,-0.018966,274
10565,1.196429,2.979434,-0.018966,2
10565,1.196532,2.979434,-0.018966,3
10565,1.196804,2.979434,-0.018966,23
10565,1.196907,2.979434,-0.018966,37
10565,1.197394,2.979434,-0.018966,90
10565,1.197460,2.979434,-0.018966,201
10565,1.197737,2.979434,-0.018966,3
10565,1.197932,2.979434,-0.018966,197
10565,1.198577,2.979434,-0.018966,1
10565,1.198957,2.979434,-0.018966,3
10565,1.198992,2.979434,-0.018966,91
10565,1.199114,2.979434,-0.018966,201
10565,1.200142,2.979434,-0.018966,24
10565,1.200595,2.979434,-0.018966,26
10565,1.201013,2.979434,-0.018966,2
10565,1.201054,2.979434,-0.018966,7
10565,1.201537,2.979434,-0.018966,7
10565,1.202675,2.979434,-0.018966,188
10565,1.205339,2.979434,-0.018966,181
10565,1.205522,2.979434,-0.018966,11
10565,1.207832,2.979434,-0.018966,42
10565,1.207862,2.979434,-0.018966,41
10565,1.208556,2.979434,-0.018966,25
10565,1.213381,2.979434,-0.018966,202
10565,1.224548,2.979434,-0.018966,15
10565,1.226009,2.979434,-0.018966,60
10565,1.226498,2.979434,-0.018966,43
10565,1.228784,2.979434,-0.018966,68
10565,1.232094,2.979434,-0.018966,1037
10721,7.832571,1.307741,-0.022748,56
10721,7.912862,1.307741,-0.022748,806
10721,7.951912,1.307741,-0.022748,285
10721,7.960234,1.307741,-0.022748,1451
10721,7.960325,1.307741,-0.022748,12
10721,7.964493,1.307741,-0.022748,347
10721,7.965973,1.307741,-0.022748,101
10721,7.967238,1.307741,-0.022748,2101
10721,7.968935,1.307741,-0.022748,64
10721,7.969828,1.307741,-0.022748,279
10721,7.969963,1.307741,-0.022748,40
10721,7.971446,1.307741,-0.022748,43
10721,7.972581,1.307741,-0.022748,851
10721,7.973468,1.307741,-0.022748,456
10721,7.976322,1.307741,-0.022748,9
10721,7.978443,1.307741,-0.022748,284
10721,7.980006,1.307741,-0.022748,466
10721,7.983834,1.307741,-0.022748,1027
10775,11.393571,0.441429,0.008212,1030
10775,11.443889,0.441429,0.008212,371
10775,11.517676,0.441429,0.008212,8471
10929,2.677886,2.603694,-0.014145,9932
11145,11.844529,0.334043,-0.041399,482
11145,11.894666,0.334043,-0.041399,320
11145,11.915849,0.334043,-0.041399,487
11145,11.991637,0.334043,-0.041399,1910
11145,12.050432,0.334043,-0.041399,1772
11145,12.072943,0.334043,-0.041399,3
11145,12.075583,0.334043,-0.041399,3
11145,12.075649,0.334043,-0.041399,92
11145,12.079940,0.334043,-0.041399,32
11145,12.081488,0.334043,-0.041399,143
11145,12.082355,0.334043,-0.041399,3
11145,12.082639,0.334043,-0.041399,331
11145,12.083425,0.334043,-0.041399,9
11145,12.085064,0.334043,-0.041399,11
11145,12.085982,0.334043,-0.041399,2
11145,12.087291,0.334043,-0.041399,7
11145,12.089533,0.334043,-0.041399,3
11145,12.089612,0.334043,-0.041399,118
11145,12.090504,0.334043,-0.041399,30
11145,12.090801,0.334043,-0.041399,6
11145,12.093171,0.334043,-0.041399,21
11145,12.094204,0.334043,-0.041399,126
11145,12.096701,0.334043,-0.041399,3
11242,3.626056,2.350756,0.005899,65
11242,3.699085,2.350756,0.005899,9920
11417,6.303951,1.719902,-0.064463,54
11417,6.304224,1.719902,-0.064463,18
11417,6.305798,1.719902,-0.064463,77
11417,6.306147,1.719902,-0.064463,1
11417,6.306775,1.719902,-0.064463,44
11417,6.307675,1.719902,-0.064463,14
11417,6.308995,1.719902,-0.064463,18
11417,6.310203,1.719902,-0.064463,1
11417,6.310673,1.719902,-0.064463,341
11417,6.313562,1.719902,-0.064463,23
11471,6.143150,1.751976,-0.020847,2161
11471,6.161789,1.751976,-0.020847,7
11471,6.161854,1.751976,-0.020847,4
11471,6.162156,1.751976,-0.020847,10
11471,6.162363,1.751976,-0.020847,6191
11471,6.166030,1.751976,-0.020847,1
11471,6.168396,1.751976,-0.020847,7
11471,6.168513,1.751976,-0.020847,18
11567,7.654671,1.353673,-0.028179,73
11567,7.752637,1.353673,-0.028179,9858
11598,4.907109,2.059152,-0.043760,999
11598,4.927321,2.059152,-0.043760,25
11598,4.935833,2.059152,-0.043760,8584
11720,9.251175,0.958876,0.026417,56
11720,9.348147,0.958876,0.026417,9829
11855,8.852066,1.070965,0.021326,31
11855,8.882465,1.070965,0.021326,9910
12001,12.216217,0.298340,-0.080332,6
12001,12.216942,0.298340,-0.080332,20
12001,12.218104,0.298340,-0.080332,1
12001,12.220461,0.298340,-0.080332,10
12001,12.227010,0.298340,-0.080332,74
12001,12.227236,0.298340,-0.080332,85
12001,12.227715,0.298340,-0.080332,3
12001,12.228724,0.298340,-0.080332,11
12001,12.229137,0.298340,-0.080332,55
12001,12.229419,0.298340,-0.080332,9
12001,12.229544,0.298340,-0.080332,9
12001,12.230323,0.298340,-0.080332,6
12001,12.232162,0.298340,-0.080332,117
12001,12.232258,0.298340,-0.080332,36
12001,12.232465,0.298340,-0.080332,86
12001,12.233590,0.298340,-0.080332,90
12001,12.233618,0.298340,-0.080332,33
12001,12.234895,0.298340,-0.080332,37
12001,12.235404,0.298340,-0.080332,7
12001,12.235780,0.298340,-0.080332,40
12001,12.236765,0.298340,-0.080332,38
12001,12.236914,0.298340,-0.080332,2
12001,12.237942,0.298340,-0.080332,8
12001,12.237980,0.298340,-0.080332,54
12001,12.241873,0.298340,-0.080332,49
12001,12.243337,0.298340,-0.080332,51
12051,12.323373,0.219718,-0.028149,1160
12051,12.413350,0.219718,-0.028149,1043
12051,12.471051,0.219718,-0.028149,2766
12149,12.525188,0.147720,-0.020492,2
12149,12.563927,0.147720,-0.020492,302
12149,12.646381,0.147720,-0.020492,1180
12149,12.738830,0.147720,-0.020492,704
12149,12.764919,0.147720,-0.020492,2771
12390,11.775039,0.352768,-0.013908,280
12390,11.788976,0.352768,-0.013908,357
12390,11.807279,0.352768,-0.013908,316
12390,11.847629,0.352768,-0.013908,593
12390,11.905302,0.352768,-0.013908,191
12390,11.906921,0.352768,-0.013908,164
12463,5.528462,1.904127,-0.042069,99
12463,5.539156,1.904127,-0.042069,208
12463,5.545001,1.904127,-0.042069,44
12463,5.547287,1.904127,-0.042069,599
12463,5.547614,1.904127,-0.042069,2406
12463,5.548585,1.904127,-0.042069,218
12463,5.549359,1.904127,-0.042069,884
12463,5.554237,1.904127,-0.042069,3
12463,5.556862,1.904127,-0.042069,33
12463,5.557575,1.904127,-0.042069,2
12463,5.558623,1.904127,-0.042069,116
12463,5.558924,1.904127,-0.042069,125
12463,5.559076,1.904127,-0.042069,55
12463,5.559338,1.904127,-0.042069,61
12463,5.559869,1.904127,-0.042069,265
12463,5.559989,1.904127,-0.042069,7
12463,5.560327,1.904127,-0.042069,16
12463,5.560401,1.904127,-0.042069,65
12463,5.560475,1.904127,-0.042069,4
12463,5.560911,1.904127,-0.042069,626
12463,5.561297,1.904127,-0.042069,4
12463,5.561308,1.904127,-0.042069,2
12463,5.562980,1.904127,-0.042069,151
12463,5.563301,1.904127,-0.042069,303
12463,5.572515,1.904127,-0.042069,370
12586,7.097865,1.506524,-0.038187,895
12586,7.165703,1.506524,-0.038187,1542
12586,7.182382,1.506524,-0.038187,359
12586,7.185093,1.506524,-0.038187,7037
12587,5.684350,1.874609,-0.063384,28
12713,6.845734,1.585531,-0.067981,6
12713,6.849234,1.585531,-0.067981,100
12713,6.855389,1.585531,-0.067981,43
12713,6.855504,1.585531,-0.067981,409
12713,6.859290,1.585531,-0.067981,79
12713,6.862644,1.585531,-0.067981,2218
12713,6.863391,1.585531,-0.067981,7
12713,6.864546,1.585531,-0.067981,334
12713,6.866731,1.585531,-0.067981,29
12713,6.867966,1.585531,-0.067981,1218
12713,6.868351,1.585531,-0.067981,143
12713,6.868679,1.585531,-0.067981,728
12713,6.868708,1.585531,-0.067981,28
12713,6.869747,1.585531,-0.067981,53
12713,6.869964,1.585531,-0.067981,26
12713,6.872014,1.585531,-0.067981,265
12713,6.874683,1.585531,-0.067981,12
12717,3.166014,2.469482,-0.028231,3
12717,3.216207,2.469482,-0.028231,18
12717,3.217921,2.469482,-0.028231,142
12717,3.218559,2.469482,-0.028231,13
12717,3.218845,2.469482,-0.028231,51
12717,3.221801,2.469482,-0.028231,4
12717,3.223089,2.469482,-0.028231,98
12717,3.223363,2.469482,-0.028231,153
12717,3.224651,2.469482,-0.028231,170
12717,3.225517,2.469482,-0.028231,17
12717,3.226350,2.469482,-0.028231,133
12717,3.226716,2.469482,-0.028231,5
12717,3.227279,2.469482,-0.028231,15
12717,3.227450,2.469482,-0.028231,20
12717,3.227786,2.469482,-0.028231,78
12717,3.228113,2.469482,-0.028231,186
12717,3.229328,2.469482,-0.028231,7
12717,3.229961,2.469482,-0.028231,2
12717,3.230014,2.469482,-0.028231,17
12717,3.230346,2.469482,-0.028231,151
12717,3.230523,2.469482,-0.028231,158
12717,3.230689,2.469482,-0.028231,153
12717,3.230815,2.469482,-0.028231,826
12717,3.232603,2.469482,-0.028231,18
12717,3.233262,2.469482,-0.028231,18
12717,3.233573,2.469482,-0.028231,167
12717,3.233979,2.469482,-0.028231,18
12717,3.234045,2.469482,-0.028231,26
12717,3.234167,2.469482,-0.028231,38
12717,3.234223,2.469482,-0.028231,173
12717,3.234558,2.469482,-0.028231,40
12717,3.234612,2.469482,-0.028231,104
12717,3.235266,2.469482,-0.028231,31
12717,3.235451,2.469482,-0.028231,16
12717,3.236179,2.469482,-0.028231,2
12717,3.236191,2.469482,-0.028231,79
12717,3.236436,2.469482,-0.028231,1
12717,3.236829,2.469482,-0.028231,25
12717,3.238477,2.469482,-0.028231,277
12717,3.238812,2.469482,-0.028231,123
12717,3.238821,2.469482,-0.028231,1
12717,3.238893,2.469482,-0.028231,166
12717,3.239919,2.469482,-0.028231,152
12717,3.240382,2.469482,-0.028231,12
12717,3.240934,2.469482,-0.028231,6
12717,3.241280,2.469482,-0.028231,85
12717,3.241772,2.469482,-0.028231,49
12717,3.242499,2.469482,-0.028231,10
12717,3.243252,2.469482,-0.028231,2
12717,3.245552,2.469482,-0.028231,488
12717,3.246588,2.469482,-0.028231,266
12717,3.247152,2.469482,-0.028231,62
12717,3.254678,2.469482,-0.028231,1
12717,3.258542,2.469482,-0.028231,3
12799,10.166599,0.739362,0.047508,35
12799,10.220388,0.739362,0.047508,17
12799,10.228378,0.739362,0.047508,7
12799,10.229547,0.739362,0.047508,35
12799,10.232654,0.739362,0.047508,2
12799,10.233995,0.739362,0.047508,47
12799,10.249363,0.739362,0.047508,127
12799,10.252707,0.739362,0.047508,18
12799,10.253954,0.739362,0.047508,5
12799,10.256799,0.739362,0.047508,1
12799,10.275578,0.739362,0.047508,115
12799,10.278305,0.739362,0.047508,232
12799,10.282675,0.739362,0.047508,6
12799,10.282890,0.739362,0.047508,120
12799,10.286197,0.739362,0.047508,139
12799,10.288224,0.739362,0.047508,564
12799,10.289852,0.739362,0.047508,298
12799,10.291266,0.739362,0.047508,1391
12799,10.293852,0.739362,0.047508,100
12799,10.293972,0.739362,0.047508,2132
12799,10.294612,0.739362,0.047508,196
12799,10.294887,0.739362,0.047508,599
12799,10.296497,0.739362,0.047508,1
12799,10.298252,0.739362,0.047508,780
12799,10.299437,0.739362,0.047508,2
12799,10.302880,0.739362,0.047508,16
12799,10.303104,0.739362,0.047508,34
12853,9.449529,0.921687,0.017099,888
12853,9.510358,0.921687,0.017099,9066
12991,5.938546,1.791406,-0.006976,1653
12991,6.003608,1.791406,-0.006976,57
12991,6.003701,1.791406,-0.006976,2986
12991,6.006219,1.791406,-0.006976,469
12991,6.009339,1.791406,-0.006976,2343
12991,6.012958,1.791406,-0.006976,472
13018,4.705682,2.102274,-0.021645,9941
13026,6.912237,1.569276,-0.086677,23
13142,4.806600,2.062581,-0.019439,140
13142,4.887601,2.062581,-0.019439,2136
13142,4.903018,2.062581,-0.019439,113
13142,4.906123,2.062581,-0.019439,30
13142,4.907521,2.062581,-0.019439,6588
13142,4.909904,2.062581,-0.019439,606
13200,9.620431,0.897373,0.049367,68
13384,2.636770,2.602527,-0.022105,577
13384,2.705676,2.602527,-0.022105,9397
13600,9.148248,0.965098,0.013226,7
13600,9.226954,0.965098,0.013226,91
13600,9.317512,0.965098,0.013226,4163
13600,9.364059,0.965098,0.013226,5558
13605,5.147377,1.971656,-0.018608,62
13605,5.267598,1.971656,-0.018608,2060
13605,5.287349,1.971656,-0.018608,8
13605,5.289777,1.971656,-0.018608,3
13605,5.290512,1.971656,-0.018608,6234
13605,5.292569,1.971656,-0.018608,40
13605,5.294114,1.971656,-0.018608,7
13605,5.294776,1.971656,-0.018608,8
13605,5.299190,1.971656,-0.018608,4
13683,12.985574,0.042733,-0.015508,257
13696,5.903509,1.805979,-0.013817,2181
13696,5.963426,1.805979,-0.013817,6214
13804,11.091403,0.515169,0.005622,303
13804,11.144598,0.515169,0.005622,913
13963,5.197935,1.977049,-0.039520,1065
13963,5.237090,1.977049,-0.039520,77
13963,5.244258,1.977049,-0.039520,8686
13992,4.188147,2.214851,0.021910,36
13992,4.248880,2.214851,0.021910,18
13992,4.250768,2.214851,0.021910,511
13992,4.259983,2.214851,0.021910,923
13992,4.268692,2.214851,0.021910,2304
13992,4.273997,2.214851,0.021910,2643
13992,4.281293,2.214851,0.021910,1698
13992,4.282913,2.214851,0.021910,38
13992,4.284623,2.214851,0.021910,227
13992,4.287048,2.214851,0.021910,46
13992,4.287310,2.214851,0.021910,673
13992,4.287837,2.214851,0.021910,21
13992,4.289978,2.214851,0.021910,80
14125,10.177908,0.744565,0.027491,892
14125,10.234661,0.744565,0.027491,9040
14206,9.122141,1.006727,-0.009152,20
14241,8.820649,1.087254,0.007235,1651
14241,8.854911,1.087254,0.007235,540
14241,8.855707,1.087254,0.007235,184
14241,8.855778,1.087254,0.007235,3
14241,8.857839,1.087254,0.007235,822
14241,8.858525,1.087254,0.007235,313
14241,8.859051,1.087254,0.007235,12
14241,8.859054,1.087254,0.007235,40
14241,8.859544,1.087254,0.007235,6
14241,8.859557,1.087254,0.007235,8
14241,8.860247,1.087254,0.007235,612
14241,8.861135,1.087254,0.007235,1
14241,8.861337,1.087254,0.007235,219
14241,8.862466,1.087254,0.007235,18
14241,8.862689,1.087254,0.007235,3
14241,8.863131,1.087254,0.007235,19
14241,8.863809,1.087254,0.007235,472
14241,8.863974,1.087254,0.007235,148
14241,8.864029,1.087254,0.007235,153
14241,8.864537,1.087254,0.007235,28
14241,8.864701,1.087254,0.007235,3
14241,8.866507,1.087254,0.007235,21
14241,8.866827,1.087254,0.007235,215
14241,8.867375,1.087254,0.007235,64
14241,8.867414,1.087254,0.007235,38
14241,8.867556,1.087254,0.007235,800
14241,8.867669,1.087254,0.007235,517
14241,8.867677,1.087254,0.007235,30
14241,8.869827,1.087254,0.007235,20
14241,8.870504,1.087254,0.007235,12
14241,8.874160,1.087254,0.007235,1184
14471,8.733714,1.076556,0.005090,2
14471,8.836997,1.076556,0.005090,737
14471,8.881778,1.076556,0.005090,837
14471,8.898213,1.076556,0.005090,1
14471,8.899027,1.076556,0.005090,3
14471,8.901888,1.076556,0.005090,386
14471,8.902429,1.076556,0.005090,83
14471,8.903001,1.076556,0.005090,1
14471,8.903717,1.076556,0.005090,120
14471,8.904261,1.076556,0.005090,10
14471,8.905596,1.076556,0.005090,21
14471,8.905708,1.076556,0.005090,18
14471,8.905729,1.076556,0.005090,55
14471,8.906627,1.076556,0.005090,7
14471,8.906873,1.076556,0.005090,18
14471,8.907157,1.076556,0.005090,9
14471,8.907698,1.076556,0.005090,25
14471,8.908150,1.076556,0.005090,51
14471,8.910006,1.076556,0.005090,53
14471,8.911223,1.076556,0.005090,106
14471,8.911513,1.076556,0.005090,19
14471,8.911751,1.076556,0.005090,15
14471,8.911828,1.076556,0.005090,331
14471,8.911840,1.076556,0.005090,63
14471,8.912365,1.076556,0.005090,406
14471,8.912600,1.076556,0.005090,45
14471,8.912866,1.076556,0.005090,51
14471,8.913663,1.076556,0.005090,10
14471,8.913943,1.076556,0.005090,169
14471,8.915247,1.076556,0.005090,1
14471,8.916050,1.076556,0.005090,209
14471,8.917851,1.076556,0.005090,13
14471,8.917926,1.076556,0.005090,1
14471,8.920341,1.076556,0.005090,273
14496,11.115977,0.515366,0.036806,177
14496,11.118529,0.515366,0.036806,1
14496,11.133584,0.515366,0.036806,200
14496,11.134931,0.515366,0.036806,48
14496,11.135015,0.515366,0.036806,1
14496,11.213424,0.515366,0.036806,8382
14504,10.400146,0.701961,0.052312,25
14504,10.430274,0.701961,0.052312,3428
14504,10.446537,0.701961,0.052312,4929
14504,10.453173,0.701961,0.052312,16
14623,10.515680,0.679190,0.054849,3431
14623,10.543946,0.679190,0.054849,4966
14625,6.319370,1.706710,-0.003390,86
14625,6.320548,1.706710,-0.003390,10
14625,6.326816,1.706710,-0.003390,634
14625,6.330474,1.706710,-0.003390,597
14625,6.347523,1.706710,-0.003390,43
14625,6.349898,1.706710,-0.003390,4
14625,6.351397,1.706710,-0.003390,291
14641,6.214998,1.698695,-0.017168,21
14641,6.339959,1.698695,-0.017168,1850
14641,6.366243,1.698695,-0.017168,298
14641,6.375107,1.698695,-0.017168,1066
14641,6.377819,1.698695,-0.017168,1799
14641,6.378389,1.698695,-0.017168,339
14641,6.382042,1.698695,-0.017168,1714
14641,6.386452,1.698695,-0.017168,253
14679,5.343598,1.930626,-0.003090,50
14679,5.408877,1.930626,-0.003090,93
14679,5.434462,1.930626,-0.003090,640
14679,5.438619,1.930626,-0.003090,17
14679,5.442103,1.930626,-0.003090,127
14679,5.445601,1.930626,-0.003090,42
14679,5.445931,1.930626,-0.003090,1
14679,5.456326,1.930626,-0.003090,5
14679,5.460192,1.930626,-0.003090,8
14679,5.465110,1.930626,-0.003090,6
14679,5.467516,1.930626,-0.003090,6
14679,5.468967,1.930626,-0.003090,40
14679,5.469095,1.930626,-0.003090,14
14814,12.862788,0.134725,-0.057371,4773
14824,5.973695,1.797975,-0.036530,14
14824,5.974478,1.797975,-0.036530,1934
14824,5.977935,1.797975,-0.036530,1
14824,5.978948,1.797975,-0.036530,2
14824,5.980319,1.797975,-0.036530,215
14824,5.980785,1.797975,-0.036530,11
14824,5.982815,1.797975,-0.036530,3
14824,5.983646,1.797975,-0.036530,30
14824,5.983796,1.797975,-0.036530,15
14824,6.000545,1.797975,-0.036530,10
14824,6.002529,1.797975,-0.036530,5
14824,6.002856,1.797975,-0.036530,3
14824,6.003007,1.797975,-0.036530,6
14824,6.003187,1.797975,-0.036530,1
14824,6.004399,1.797975,-0.036530,4
14824,6.005501,1.797975,-0.036530,123
14824,6.005586,1.797975,-0.036530,26
14824,6.005852,1.797975,-0.036530,47
14824,6.005887,1.797975,-0.036530,24
14824,6.007417,1.797975,-0.036530,1
15138,11.000018,0.526948,0.017066,14
15138,11.055824,0.526948,0.017066,1222
15138,11.136322,0.526948,0.017066,110
15207,12.415033,0.246095,-0.071441,977
15207,12.421177,0.246095,-0.071441,671
15207,12.432282,0.246095,-0.071441,3036
15226,4.970825,2.023672,-0.029626,157
15226,5.052389,2.023672,-0.029626,9809
15257,7.112153,1.504518,-0.027954,230
15257,7.154878,1.504518,-0.027954,640
15257,7.182217,1.504518,-0.027954,63
15257,7.184371,1.504518,-0.027954,452
15257,7.185706,1.504518,-0.027954,20
15257,7.187047,1.504518,-0.027954,22
15257,7.187275,1.504518,-0.027954,208
15257,7.187712,1.504518,-0.027954,25
15257,7.188128,1.504518,-0.027954,52
15257,7.190167,1.504518,-0.027954,44
15257,7.190580,1.504518,-0.027954,24
15257,7.191547,1.504518,-0.027954,54
15257,7.192032,1.504518,-0.027954,50
15257,7.192965,1.504518,-0.027954,6
15257,7.193561,1.504518,-0.027954,1
15257,7.194429,1.504518,-0.027954,363
15257,7.194895,1.504518,-0.027954,29
15257,7.195301,1.504518,-0.027954,144
15257,7.196461,1.504518,-0.027954,527
15257,7.196863,1.504518,-0.027954,8
15257,7.196888,1.504518,-0.027954,135
15257,7.204152,1.504518,-0.027954,23
15257,7.204796,1.504518,-0.027954,18
15358,3.136841,2.488136,-0.034866,26
15358,3.142293,2.488136,-0.034866,114
15358,3.145707,2.488136,-0.034866,9
15358,3.146901,2.488136,-0.034866,16
15358,3.147295,2.488136,-0.034866,15
15358,3.149253,2.488136,-0.034866,1
15358,3.150120,2.488136,-0.034866,51
15358,3.151081,2.488136,-0.034866,6
15358,3.151382,2.488136,-0.034866,2
15358,3.151807,2.488136,-0.034866,90
15358,3.152464,2.488136,-0.034866,3
15358,3.152779,2.488136,-0.034866,176
15358,3.152786,2.488136,-0.034866,34
15358,3.152964,2.488136,-0.034866,5
15358,3.153007,2.488136,-0.034866,81
15358,3.153405,2.488136,-0.034866,7
15358,3.153580,2.488136,-0.034866,114
15358,3.154477,2.488136,-0.034866,13
15358,3.154898,2.488136,-0.034866,22
15358,3.154973,2.488136,-0.034866,6
15358,3.156731,2.488136,-0.034866,31
15358,3.157236,2.488136,-0.034866,1
15358,3.157390,2.488136,-0.034866,3
15358,3.157521,2.488136,-0.034866,64
15358,3.157569,2.488136,-0.034866,22
15358,3.158168,2.488136,-0.034866,18
15358,3.158348,2.488136,-0.034866,159
15358,3.158371,2.488136,-0.034866,4
15358,3.158773,2.488136,-0.034866,1
15358,3.159018,2.488136,-0.034866,49
15358,3.159274,2.488136,-0.034866,47
15358,3.159367,2.488136,-0.034866,1
15358,3.159664,2.488136,-0.034866,3
15358,3.159781,2.488136,-0.034866,1
15358,3.160418,2.488136,-0.034866,21
15358,3.160519,2.488136,-0.034866,10
15358,3.160644,2.488136,-0.034866,36
15358,3.160700,2.488136,-0.034866,3
15358,3.161437,2.488136,-0.034866,223
15358,3.161625,2.488136,-0.034866,23
15358,3.162045,2.488136,-0.034866,54
15358,3.162268,2.488136,-0.034866,1
15358,3.163252,2.488136,-0.034866,1
15358,3.163620,2.488136,-0.034866,26
15358,3.167801,2.488136,-0.034866,145
15358,3.168242,2.488136,-0.034866,113
15358,3.168476,2.488136,-0.034866,28
15358,3.168602,2.488136,-0.034866,2
15358,3.168677,2.488136,-0.034866,18
15358,3.168907,2.488136,-0.034866,15
15358,3.173017,2.488136,-0.034866,2
15491,5.717167,1.855911,-0.014449,2126
15491,5.751153,1.855911,-0.014449,6229
15491,5.759144,1.855911,-0.014449,1
15491,5.763054,1.855911,-0.014449,30
15491,5.763523,1.855911,-0.014449,2
15513,3.659877,2.364875,0.013813,9858
15580,6.431382,1.681439,-0.032720,2224
15580,6.443540,1.681439,-0.032720,1
15580,6.447452,1.681439,-0.032720,55
15580,6.448507,1.681439,-0.032720,98
15580,6.448570,1.681439,-0.032720,6333
15580,6.449004,1.681439,-0.032720,2
15580,6.449459,1.681439,-0.032720,419
15580,6.449735,1.681439,-0.032720,3
15580,6.450659,1.681439,-0.032720,129
15580,6.453710,1.681439,-0.032720,25
15649,7.334624,1.442309,-0.022091,73
15649,7.399892,1.442309,-0.022091,1769
15649,7.446287,1.442309,-0.022091,544
15649,7.446567,1.442309,-0.022091,7448
15672,4.678110,2.109457,-0.022774,9941
15958,9.264302,0.970838,0.007132,719
15958,9.325363,0.970838,0.007132,1239
15958,9.337097,0.970838,0.007132,1249
15958,9.344319,0.970838,0.007132,393
15958,9.345958,0.970838,0.007132,378
15958,9.346163,0.970838,0.007132,577
15958,9.346731,0.970838,0.007132,2026
15958,9.349145,0.970838,0.007132,212
15958,9.352040,0.970838,0.007132,32
15958,9.352539,0.970838,0.007132,26
15958,9.353357,0.970838,0.007132,10
15958,9.354177,0.970838,0.007132,1076
15958,9.355830,0.970838,0.007132,804
15971,10.964532,0.549886,0.030505,1327
16253,4.172697,2.234227,0.016082,9899
16284,12.167891,0.252078,-0.024665,327
16284,12.230049,0.252078,-0.024665,949
16284,12.290324,0.252078,-0.024665,1104
16284,12.386349,0.252078,-0.024665,2611
16421,7.041580,1.530518,-0.081843,1
16421,7.042026,1.530518,-0.081843,11
16421,7.044057,1.530518,-0.081843,3
16421,7.044345,1.530518,-0.081843,3
16421,7.045231,1.530518,-0.081843,2
16485,5.026366,2.016438,-0.032794,1645
16485,5.101856,2.016438,-0.032794,8258
16915,10.942502,0.569604,0.063532,8573
16956,9.565746,0.909898,0.049823,56
16956,9.569969,0.909898,0.049823,10
16956,9.576657,0.909898,0.049823,27
17017,11.314921,0.463512,-0.009453,285
17017,11.371441,0.463512,-0.009453,625
17017,11.384853,0.463512,-0.009453,405
17017,11.510337,0.463512,-0.009453,76
17017,11.515266,0.463512,-0.009453,199
17017,11.522018,0.463512,-0.009453,621
17017,11.522583,0.463512,-0.009453,70
17017,11.523827,0.463512,-0.009453,28
17017,11.524903,0.463512,-0.009453,1446
17017,11.526819,0.463512,-0.009453,62
17017,11.534051,0.463512,-0.009453,1461
17026,9.651756,0.882325,0.010434,782
17026,9.679049,0.882325,0.010434,8916
17116,8.422083,1.195527,0.023740,96
17116,8.427419,1.195527,0.023740,8
17116,8.431741,1.195527,0.023740,63
17116,8.433016,1.195527,0.023740,58
17116,8.434497,1.195527,0.023740,214
17116,8.435341,1.195527,0.023740,121
17116,8.441042,1.195527,0.023740,38
17116,8.441414,1.195527,0.023740,4741
17116,8.443791,1.195527,0.023740,39
17116,8.444157,1.195527,0.023740,299
17116,8.445327,1.195527,0.023740,89
17116,8.445708,1.195527,0.023740,141
17116,8.447661,1.195527,0.023740,842
17116,8.447871,1.195527,0.023740,165
17116,8.451489,1.195527,0.023740,388
17116,8.455064,1.195527,0.023740,198
17275,9.166076,1.007557,0.040447,324
17275,9.166479,1.007557,0.040447,10
17275,9.171574,1.007557,0.040447,418
17275,9.178817,1.007557,0.040447,133
17275,9.184086,1.007557,0.040447,75
17275,9.184922,1.007557,0.040447,715
17275,9.187436,1.007557,0.040447,2
17275,9.187454,1.007557,0.040447,2354
17275,9.188754,1.007557,0.040447,4
17275,9.188977,1.007557,0.040447,258
17275,9.189104,1.007557,0.040447,1101
17275,9.189139,1.007557,0.040447,242
17275,9.192698,1.007557,0.040447,16
17275,9.195170,1.007557,0.040447,166
17275,9.195889,1.007557,0.040447,49
17275,9.196451,1.007557,0.040447,129
17275,9.197803,1.007557,0.040447,211
17275,9.197936,1.007557,0.040447,36
17275,9.198072,1.007557,0.040447,220
17275,9.198194,1.007557,0.040447,332
17275,9.198221,1.007557,0.040447,143
17275,9.198992,1.007557,0.040447,10
17275,9.200813,1.007557,0.040447,1
17275,9.200842,1.007557,0.040447,9
17275,9.202255,1.007557,0.040447,226
17290,8.058461,1.279133,-0.006448,9839
17417,12.891149,0.071207,-0.025942,239
17417,12.941611,0.071207,-0.025942,40
17417,12.943560,0.071207,-0.025942,7
17417,12.946501,0.071207,-0.025942,52
17417,12.948100,0.071207,-0.025942,452
17417,12.969264,0.071207,-0.025942,46
17417,12.986836,0.071207,-0.025942,298
17470,5.760194,1.844739,0.004553,105
17470,5.788619,1.844739,0.004553,730
17470,5.794993,1.844739,0.004553,493
17470,5.796575,1.844739,0.004553,1
17470,5.800746,1.844739,0.004553,33
17470,5.803435,1.844739,0.004553,2
17470,5.805272,1.844739,0.004553,26
17470,5.806162,1.844739,0.004553,2
17470,5.808519,1.844739,0.004553,11
17470,5.808792,1.844739,0.004553,242
17470,5.809134,1.844739,0.004553,5
17470,5.812031,1.844739,0.004553,22
17470,5.813144,1.844739,0.004553,15
17470,5.823941,1.844739,0.004553,26
17572,8.725355,1.103376,0.018565,27
17572,8.762176,1.103376,0.018565,9879
17662,10.962784,0.547947,0.036088,1009
17662,11.007097,0.547947,0.036088,314
17667,10.919804,0.579034,0.063642,8468
17681,6.147836,1.758833,-0.059767,7
17681,6.153186,1.758833,-0.059767,45
17681,6.153227,1.758833,-0.059767,2
17681,6.154342,1.758833,-0.059767,80
17681,6.154867,1.758833,-0.059767,40
17681,6.155030,1.758833,-0.059767,400
17681,6.157698,1.758833,-0.059767,167
18027,12.566973,0.149213,-0.031162,249
18027,12.618559,0.149213,-0.031162,868
18027,12.684231,0.149213,-0.031162,805
18027,12.749194,0.149213,-0.031162,3
18027,12.753581,0.149213,-0.031162,50
18027,12.755431,0.149213,-0.031162,2
18027,12.770624,0.149213,-0.031162,109
18027,12.782634,0.149213,-0.031162,2472
18419,3.253500,2.461500,-0.021124,1884
18419,3.262459,2.461500,-0.021124,2856
18419,3.267404,2.461500,-0.021124,1173
18419,3.269284,2.461500,-0.021124,2345
18419,3.279587,2.461500,-0.021124,6
18419,3.287554,2.461500,-0.021124,125
18419,3.288767,2.461500,-0.021124,70
18419,3.292272,2.461500,-0.021124,4
18419,3.296085,2.461500,-0.021124,161
18549,1.832587,2.794602,-0.024499,29
18549,1.908064,2.794602,-0.024499,18
18549,1.913326,2.794602,-0.024499,49
18549,1.917145,2.794602,-0.024499,56
18549,1.920331,2.794602,-0.024499,12
18549,1.921386,2.794602,-0.024499,29
18549,1.921485,2.794602,-0.024499,71
18549,1.922762,2.794602,-0.024499,38
18549,1.923745,2.794602,-0.024499,29
18549,1.926520,2.794602,-0.024499,2
18549,1.927218,2.794602,-0.024499,2
18549,1.927804,2.794602,-0.024499,1
18549,1.930535,2.794602,-0.024499,15
18549,1.930662,2.794602,-0.024499,32
18549,1.930721,2.794602,-0.024499,1
18549,1.941187,2.794602,-0.024499,675
18549,1.958806,2.794602,-0.024499,669
18549,1.958924,2.794602,-0.024499,2
18601,11.096317,0.533716,0.064719,8390
18879,6.135475,1.761815,-0.034199,183
18879,6.136536,1.761815,-0.034199,1618
18879,6.139859,1.761815,-0.034199,110
18879,6.140395,1.761815,-0.034199,790
18879,6.144167,1.761815,-0.034199,1198
18879,6.144449,1.761815,-0.034199,96
18879,6.147050,1.761815,-0.034199,301
18879,6.150205,1.761815,-0.034199,161
18879,6.150229,1.761815,-0.034199,1250
18879,6.153247,1.761815,-0.034199,1595
19084,4.941541,2.053849,-0.049809,542
19084,4.951412,2.053849,-0.049809,1
19084,4.953749,2.053849,-0.049809,189
19084,4.968716,2.053849,-0.049809,3159
19084,4.969139,2.053849,-0.049809,413
19084,4.972756,2.053849,-0.049809,1821
19084,4.977983,2.053849,-0.049809,1590
19084,4.979861,2.053849,-0.049809,1375
19123,11.086728,0.535771,0.070861,8311
19379,7.762837,1.322163,-0.002755,5
19379,7.900939,1.322163,-0.002755,9728
19529,10.609786,0.648893,0.051881,19
19529,10.622997,0.648893,0.051881,8576
19581,8.012591,1.260879,-0.025898,52
19581,8.102138,1.260879,-0.025898,191
19581,8.133660,1.260879,-0.025898,55
19581,8.136761,1.260879,-0.025898,1
19581,8.146466,1.260879,-0.025898,20
19581,8.155285,1.260879,-0.025898,10
19581,8.165378,1.260879,-0.025898,2
19581,8.167987,1.260879,-0.025898,1
19581,8.169333,1.260879,-0.025898,1
19596,7.548133,1.366808,-0.022023,24
19596,7.692894,1.366808,-0.022023,9879
19711,12.738402,0.102365,-0.010488,143
19711,12.811051,0.102365,-0.010488,553
19711,12.836948,0.102365,-0.010488,457
19711,12.837523,0.102365,-0.010488,69
19711,12.893318,0.102365,-0.010488,360
19711,12.917758,0.102365,-0.010488,88
19711,12.944583,0.102365,-0.010488,176
19711,12.954528,0.102365,-0.010488,2729
19743,12.856130,0.093153,-0.036460,7
19743,12.857577,0.093153,-0.036460,7
19743,12.857845,0.093153,-0.036460,2
19743,12.858346,0.093153,-0.036460,165
19743,12.859082,0.093153,-0.036460,26
19743,12.872151,0.093153,-0.036460,167
19743,12.930350,0.093153,-0.036460,13
19743,12.952796,0.093153,-0.036460,21
19743,12.954169,0.093153,-0.036460,141
19743,12.961531,0.093153,-0.036460,208
19743,12.966769,0.093153,-0.036460,26
19908,7.260540,1.476742,-0.061439,45
19908,7.267034,1.476742,-0.061439,162
19908,7.267882,1.476742,-0.061439,1
19908,7.269853,1.476742,-0.061439,59
19908,7.270568,1.476742,-0.061439,1487
19908,7.275104,1.476742,-0.061439,9
19908,7.275762,1.476742,-0.061439,1
19908,7.276560,1.476742,-0.061439,20
19908,7.277016,1.476742,-0.061439,150
19908,7.277421,1.476742,-0.061439,34
19908,7.277479,1.476742,-0.061439,8
19908,7.279740,1.476742,-0.061439,634
19908,7.280391,1.476742,-0.061439,1
19908,7.280491,1.476742,-0.061439,412
19908,7.280613,1.476742,-0.061439,61
19908,7.281099,1.476742,-0.061439,306
19908,7.282875,1.476742,-0.061439,493
19908,7.283794,1.476742,-0.061439,697
19908,7.283827,1.476742,-0.061439,10
19908,7.284442,1.476742,-0.061439,453
19908,7.284818,1.476742,-0.061439,78
19908,7.287654,1.476742,-0.061439,255
19908,7.290178,1.476742,-0.061439,109
19958,4.450683,2.158568,-0.000524,8722
19958,4.527915,2.158568,-0.000524,1125
20019,1.922528,2.788605,-0.007620,3790
20019,1.942599,2.788605,-0.007620,1386
20019,1.943684,2.788605,-0.007620,1
20019,1.944129,2.788605,-0.007620,3
20019,1.945187,2.788605,-0.007620,92
20019,1.946574,2.788605,-0.007620,28
20019,1.947467,2.788605,-0.007620,488
20019,1.948948,2.788605,-0.007620,589
20019,1.949234,2.788605,-0.007620,164
20019,1.950205,2.788605,-0.007620,10
20019,1.951353,2.788605,-0.007620,1431
20019,1.992511,2.788605,-0.007620,1035
20019,1.996525,2.788605,-0.007620,256
20085,9.420544,0.940810,0.024016,9837
20135,8.793788,1.097689,0.027733,45
20135,8.801254,1.097689,0.027733,24
20135,8.804002,1.097689,0.027733,81
20135,8.804724,1.097689,0.027733,533
20135,8.807856,1.097689,0.027733,5
20135,8.811142,1.097689,0.027733,6
20135,8.822135,1.097689,0.027733,8780
20199,5.403221,1.942939,-0.055086,1423
20199,5.403641,1.942939,-0.055086,1
20199,5.406012,1.942939,-0.055086,67
20200,5.023651,2.025792,-0.040218,1124
20200,5.046849,2.025792,-0.040218,8728
20213,8.579328,1.141689,0.001924,1701
20213,8.639032,1.141689,0.001924,8202
20298,7.560820,1.359795,-0.012143,24
20298,7.721123,1.359795,-0.012143,8510
20298,7.780531,1.359795,-0.012143,1336
20436,5.144114,1.995374,-0.044795,37
20436,5.154667,1.995374,-0.044795,924
20436,5.167398,1.995374,-0.044795,38
20436,5.171847,1.995374,-0.044795,8579
20439,4.349957,2.179486,0.027649,7
20446,11.161555,0.513698,0.049571,4282
20446,11.222053,0.513698,0.049571,4176
20448,3.941793,2.290007,-0.006418,2
20525,5.890459,1.818837,-0.038774,3
20525,5.893441,1.818837,-0.038774,14
20525,5.896031,1.818837,-0.038774,1
20525,5.896404,1.818837,-0.038774,1934
20525,5.896467,1.818837,-0.038774,30
20525,5.899803,1.818837,-0.038774,2
20525,5.899879,1.818837,-0.038774,2
20525,5.903378,1.818837,-0.038774,10
20525,5.904786,1.818837,-0.038774,35
20525,5.905406,1.818837,-0.038774,6
20525,5.905503,1.818837,-0.038774,198
20525,5.905677,1.818837,-0.038774,164
20525,5.906311,1.818837,-0.038774,1
20525,5.906720,1.818837,-0.038774,39
20525,5.908991,1.818837,-0.038774,61
20534,2.048831,2.770162,-0.028134,7
20534,2.054159,2.770162,-0.028134,308
20534,2.059491,2.770162,-0.028134,340
20534,2.067326,2.770162,-0.028134,471
20534,2.071538,2.770162,-0.028134,4
20654,8.509646,1.176668,0.029719,1
20654,8.513630,1.176668,0.029719,287
20654,8.516173,1.176668,0.029719,92
20654,8.516784,1.176668,0.029719,9
20654,8.518700,1.176668,0.029719,12
20654,8.519727,1.176668,0.029719,724
20654,8.519824,1.176668,0.029719,48
20654,8.520035,1.176668,0.029719,135
20654,8.520518,1.176668,0.029719,228
20654,8.521285,1.176668,0.029719,76
20654,8.521388,1.176668,0.029719,71
20654,8.522261,1.176668,0.029719,86
20654,8.523538,1.176668,0.029719,16
20654,8.524700,1.176668,0.029719,71
20654,8.524937,1.176668,0.029719,162
20654,8.525840,1.176668,0.029719,2
20654,8.525964,1.176668,0.029719,23
20654,8.526627,1.176668,0.029719,8
20654,8.526706,1.176668,0.029719,67
20654,8.527160,1.176668,0.029719,4
20654,8.527696,1.176668,0.029719,3
20654,8.530203,1.176668,0.029719,1
20654,8.530539,1.176668,0.029719,674
20654,8.530893,1.176668,0.029719,135
20654,8.531496,1.176668,0.029719,14
20654,8.532142,1.176668,0.029719,4
20654,8.533781,1.176668,0.029719,19
20654,8.534769,1.176668,0.029719,139
20654,8.534873,1.176668,0.029719,181
20672,5.917263,1.797715,0.018421,35
20672,5.982503,1.797715,0.018421,1
20672,5.982508,1.797715,0.018421,4
20672,5.982920,1.797715,0.018421,34
20672,5.983335,1.797715,0.018421,33
20672,5.989966,1.797715,0.018421,4
20672,5.994033,1.797715,0.018421,23
20685,5.924711,1.802785,-0.007966,2135
20685,5.954692,1.802785,-0.007966,2369
20685,5.969715,1.802785,-0.007966,3028
20685,5.980264,1.802785,-0.007966,474
20949,7.742639,1.353816,-0.044020,13
20949,7.750921,1.353816,-0.044020,57
20999,5.192010,1.995350,-0.060477,22
20999,5.192303,1.995350,-0.060477,1
20999,5.192815,1.995350,-0.060477,13
20999,5.197948,1.995350,-0.060477,10
20999,5.198465,1.995350,-0.060477,30
20999,5.199758,1.995350,-0.060477,45
20999,5.201228,1.995350,-0.060477,59
20999,5.202765,1.995350,-0.060477,3
20999,5.204923,1.995350,-0.060477,6
20999,5.206286,1.995350,-0.060477,66
