76,10.943890,2.226240,0.251412,107
76,11.072125,2.226240,0.251412,470
76,11.194901,2.226240,0.251412,743
76,11.308268,2.226240,0.251412,285
76,11.414959,2.226240,0.251412,132
76,12.326004,2.226240,0.251412,1982
76,12.431611,2.226240,0.251412,1213
414,9.061914,2.382504,0.306580,39
414,9.177916,2.382504,0.306580,73
414,9.302466,2.382504,0.306580,8
414,9.396262,2.382504,0.306580,93
414,9.512260,2.382504,0.306580,155
414,9.671966,2.382504,0.306580,67
414,10.209517,2.382504,0.306580,115
414,10.377687,2.382504,0.306580,442
414,10.483604,2.382504,0.306580,871
414,10.599368,2.382504,0.306580,217
414,10.717989,2.382504,0.306580,392
414,10.850800,2.382504,0.306580,128
414,11.091351,2.382504,0.306580,45
414,11.301459,2.382504,0.306580,128
414,11.426929,2.382504,0.306580,335
414,11.582355,2.382504,0.306580,769
414,11.699986,2.382504,0.306580,2272
433,8.512409,1.489634,0.046662,76
433,8.602959,1.489634,0.046662,148
433,8.744962,1.489634,0.046662,29
433,9.443818,1.489634,0.046662,47
433,9.567483,1.489634,0.046662,81
433,9.696467,1.489634,0.046662,57
433,9.873587,1.489634,0.046662,89
433,10.077047,1.489634,0.046662,46
433,10.696497,1.489634,0.046662,42
433,10.896465,1.489634,0.046662,32
922,12.813351,1.375241,-0.191127,80
930,11.017946,2.243902,0.246092,431
930,11.135169,2.243902,0.246092,540
930,11.247353,2.243902,0.246092,661
930,11.337024,2.243902,0.246092,55
930,12.342441,2.243902,0.246092,2863
937,4.468430,2.519128,0.096899,193
937,4.634791,2.519128,0.096899,170
937,4.761454,2.519128,0.096899,159
937,4.903688,2.519128,0.096899,49
937,5.356722,2.519128,0.096899,39
937,5.469289,2.519128,0.096899,47
963,10.962433,1.248552,0.139491,70
1023,3.397245,2.656785,0.042743,153
1023,3.522754,2.656785,0.042743,145
1023,3.745275,2.656785,0.042743,82
1023,4.596273,2.656785,0.042743,22
1055,9.197543,1.051624,0.003495,66
1055,9.318930,1.051624,0.003495,142
1055,9.454308,1.051624,0.003495,91
1055,9.547405,1.051624,0.003495,36
1055,9.692998,1.051624,0.003495,228
1146,8.003529,1.778019,-0.128285,38
1146,9.102431,1.778019,-0.128285,22
1146,9.220811,1.778019,-0.128285,11
1146,10.674685,1.778019,-0.128285,20
1146,10.778459,1.778019,-0.128285,22
1411,3.770675,2.568414,0.029241,120
1411,3.875761,2.568414,0.029241,125
1495,8.837168,2.877049,0.201419,93
1495,9.363005,2.877049,0.201419,72
1495,9.581899,2.877049,0.201419,405
1495,9.643729,2.877049,0.201419,2347
1527,8.945026,2.404970,0.355748,104
1527,9.212057,2.404970,0.355748,57
1527,9.526773,2.404970,0.355748,75
1662,11.782511,2.124217,0.222721,187
1662,12.230460,2.124217,0.222721,200
1697,8.416428,1.505372,0.034371,94
1697,8.535286,1.505372,0.034371,122
1697,9.372664,1.505372,0.034371,51
1697,9.538370,1.505372,0.034371,60
1697,9.775101,1.505372,0.034371,105
1697,9.877202,1.505372,0.034371,43
1697,10.187840,1.505372,0.034371,39
1697,10.820573,1.505372,0.034371,33
1697,11.069451,1.505372,0.034371,11
1727,10.021221,2.290690,0.208515,83
1727,10.311947,2.290690,0.208515,54
1949,8.812978,2.894596,0.198550,64
1949,9.585506,2.894596,0.198550,2291
1958,4.991895,3.169960,-0.111133,112
1973,11.876314,2.298720,-0.191772,66
2078,9.086224,2.382181,0.308131,54
2078,9.224809,2.382181,0.308131,31
2078,9.411716,2.382181,0.308131,112
2078,9.542275,2.382181,0.308131,147
2078,9.649852,2.382181,0.308131,84
2078,10.092305,2.382181,0.308131,93
2078,10.372611,2.382181,0.308131,448
2078,10.487770,2.382181,0.308131,783
2078,10.610881,2.382181,0.308131,189
2078,10.718582,2.382181,0.308131,371
2078,10.873756,2.382181,0.308131,121
2078,10.984361,2.382181,0.308131,66
2078,11.374796,2.382181,0.308131,299
2078,11.515681,2.382181,0.308131,403
2078,11.633737,2.382181,0.308131,2196
2078,11.759272,2.382181,0.308131,439
2124,7.452840,2.731860,0.364521,200
2124,7.608603,2.731860,0.364521,92
2124,8.428447,2.731860,0.364521,141
2124,8.580867,2.731860,0.364521,431
2124,8.687462,2.731860,0.364521,656
2124,9.230184,2.731860,0.364521,96
2200,1.550968,3.429171,-0.252782,63
2200,1.664119,3.429171,-0.252782,38
2200,1.912828,3.429171,-0.252782,22
2200,4.024251,3.429171,-0.252782,83
2200,4.140965,3.429171,-0.252782,648
2200,4.249175,3.429171,-0.252782,518
2200,5.843539,3.429171,-0.252782,3662
2233,7.166973,1.458355,-0.013165,16
2233,7.504707,1.458355,-0.013165,72
2233,7.632541,1.458355,-0.013165,112
2233,7.791194,1.458355,-0.013165,127
2233,7.917094,1.458355,-0.013165,38
2233,8.030261,1.458355,-0.013165,249
2233,8.249713,1.458355,-0.013165,163
2233,8.342175,1.458355,-0.013165,110
2233,11.807541,1.458355,-0.013165,40
2238,1.137563,3.008132,0.025366,49
2238,1.409266,3.008132,0.025366,76
2238,2.000306,3.008132,0.025366,125
2238,2.130565,3.008132,0.025366,69
2238,2.570539,3.008132,0.025366,233
2238,2.710902,3.008132,0.025366,177
2238,2.856914,3.008132,0.025366,55
2238,3.031859,3.008132,0.025366,41
2238,3.413961,3.008132,0.025366,46
2238,3.920427,3.008132,0.025366,37
2238,4.336568,3.008132,0.025366,28
2238,4.467487,3.008132,0.025366,29
2238,5.212930,3.008132,0.025366,97
2238,5.455113,3.008132,0.025366,87
2238,5.559675,3.008132,0.025366,145
2238,5.749216,3.008132,0.025366,101
2238,6.477216,3.008132,0.025366,74
2238,6.835178,3.008132,0.025366,175
2238,7.670108,3.008132,0.025366,48
2238,7.777816,3.008132,0.025366,174
2238,7.900033,3.008132,0.025366,106
2309,6.119576,1.871107,0.063267,82
2593,7.771467,2.548318,0.341235,92
2593,9.853984,2.548318,0.341235,293
2593,10.095873,2.548318,0.341235,168
2593,10.227934,2.548318,0.341235,117
2593,10.394273,2.548318,0.341235,47
2598,8.010728,1.826317,-0.154765,47
2598,8.170090,1.826317,-0.154765,64
2598,8.320510,1.826317,-0.154765,17
2598,9.131478,1.826317,-0.154765,41
2598,10.821852,1.826317,-0.154765,34
2598,11.082581,1.826317,-0.154765,55
2773,11.412502,0.416683,0.028945,13
2773,11.684321,0.416683,0.028945,46
2834,9.767959,1.167176,0.058082,140
2834,9.930037,1.167176,0.058082,119
2834,10.469350,1.167176,0.058082,104
2834,10.636202,1.167176,0.058082,62
2834,10.891772,1.167176,0.058082,51
2834,11.013591,1.167176,0.058082,33
2834,11.791942,1.167176,0.058082,16
2834,11.922295,1.167176,0.058082,39
2936,5.890588,3.379172,-0.193393,164
2936,6.235358,3.379172,-0.193393,74
2936,6.349423,3.379172,-0.193393,182
2936,6.453177,3.379172,-0.193393,272
2978,12.281100,1.480257,-0.144739,23
2995,11.389682,2.246977,-0.231165,79
2995,12.225118,2.246977,-0.231165,32
2995,12.545024,2.246977,-0.231165,39
3006,11.517488,2.212044,0.111909,100
3006,11.607617,2.212044,0.111909,235
3219,6.745357,2.703199,0.322472,92
3219,6.910584,2.703199,0.322472,104
3219,7.166062,2.703199,0.322472,127
3219,9.318807,2.703199,0.322472,145
3219,9.858672,2.703199,0.322472,48
3219,10.080563,2.703199,0.322472,226
3385,5.462925,1.974234,0.032627,96
3385,5.638328,1.974234,0.032627,146
3385,6.065530,1.974234,0.032627,115
3385,6.202080,1.974234,0.032627,167
3385,6.342576,1.974234,0.032627,72
3385,6.718876,1.974234,0.032627,145
3385,6.810451,1.974234,0.032627,155
3385,7.121401,1.974234,0.032627,146
3412,5.858291,2.162586,0.082219,90
3412,6.564905,2.162586,0.082219,31
3412,11.805366,2.162586,0.082219,526
3412,11.921352,2.162586,0.082219,361
3412,12.708486,2.162586,0.082219,301
3412,12.791778,2.162586,0.082219,209
3489,4.867329,2.066708,0.038624,23
3489,5.154615,2.066708,0.038624,110
3489,5.270470,2.066708,0.038624,118
3489,5.402605,2.066708,0.038624,167
3489,5.742237,2.066708,0.038624,135
3489,5.852645,2.066708,0.038624,145
3489,6.145864,2.066708,0.038624,63
3489,6.345159,2.066708,0.038624,182
3489,6.441077,2.066708,0.038624,158
3489,6.552628,2.066708,0.038624,180
3489,6.709681,2.066708,0.038624,54
3494,7.950775,1.839626,-0.135501,77
3494,8.351553,1.839626,-0.135501,66
3494,8.815840,1.839626,-0.135501,28
3494,9.373120,1.839626,-0.135501,27
3494,10.748799,1.839626,-0.135501,35
3494,10.912618,1.839626,-0.135501,77
3494,11.035809,1.839626,-0.135501,40
3553,7.929041,2.641533,0.442982,125
3553,8.102871,2.641533,0.442982,59
3553,9.011957,2.641533,0.442982,152
3553,9.194696,2.641533,0.442982,136
3553,9.285012,2.641533,0.442982,95
3574,8.401882,2.565653,0.454071,40
3691,12.056924,2.232114,-0.352133,28
3691,12.328402,2.232114,-0.352133,55
3691,12.508993,2.232114,-0.352133,88
3691,12.640895,2.232114,-0.352133,71
3703,12.813573,1.584965,-0.055672,81
3811,1.303335,3.036205,0.047602,15
3811,2.654962,3.036205,0.047602,26
3811,2.700309,3.036205,0.047602,30
3811,2.812677,3.036205,0.047602,31
3811,5.255130,3.036205,0.047602,163
3811,5.373479,3.036205,0.047602,28
3811,6.931059,3.036205,0.047602,27
3811,7.412420,3.036205,0.047602,45
3811,8.029694,3.036205,0.047602,43
3811,8.306852,3.036205,0.047602,244
3811,8.421005,3.036205,0.047602,159
3811,8.631092,3.036205,0.047602,441
3811,8.742330,3.036205,0.047602,293
4051,1.649833,3.404196,-0.180534,39
4051,1.771054,3.404196,-0.180534,45
4051,1.940010,3.404196,-0.180534,58
4051,2.128563,3.404196,-0.180534,45
4051,3.946185,3.404196,-0.180534,173
4051,4.093141,3.404196,-0.180534,81
4051,4.255494,3.404196,-0.180534,46
4051,4.473512,3.404196,-0.180534,524
4051,5.768711,3.404196,-0.180534,157
4051,6.468031,3.404196,-0.180534,1040
4179,4.201651,2.467554,0.044300,166
4179,4.323635,2.467554,0.044300,90
4179,9.008541,2.467554,0.044300,88
4215,5.294569,1.948620,0.028896,25
4215,5.636585,1.948620,0.028896,113
4215,5.778797,1.948620,0.028896,109
4215,6.178054,1.948620,0.028896,114
4215,6.362658,1.948620,0.028896,132
4215,6.473857,1.948620,0.028896,66
4215,6.664394,1.948620,0.028896,108
4215,6.797824,1.948620,0.028896,167
4215,6.928501,1.948620,0.028896,130
4215,7.117132,1.948620,0.028896,155
4506,4.169789,3.418879,-0.273096,76
4506,6.074472,3.418879,-0.273096,3599
4539,7.693967,2.541117,0.292916,192
4539,10.625527,2.541117,0.292916,53
4539,10.729743,2.541117,0.292916,309
4539,10.855201,2.541117,0.292916,382
4539,10.989562,2.541117,0.292916,1690
4539,11.099086,2.541117,0.292916,1042
4647,10.143745,0.972109,0.053287,73
4647,10.250477,0.972109,0.053287,184
4647,10.382205,0.972109,0.053287,93
4647,10.609607,0.972109,0.053287,109
4647,10.740117,0.972109,0.053287,101
4647,10.893006,0.972109,0.053287,35
4647,11.185255,0.972109,0.053287,74
4647,11.292701,0.972109,0.053287,80
4647,11.546297,0.972109,0.053287,59
4647,11.780052,0.972109,0.053287,33
4647,11.886090,0.972109,0.053287,46
4647,12.011241,0.972109,0.053287,99
4647,12.366827,0.972109,0.053287,41
4811,7.261990,2.417549,0.170870,8
4811,7.545048,2.417549,0.170870,21
4811,8.119456,2.417549,0.170870,47
4811,8.353153,2.417549,0.170870,113
4811,8.517506,2.417549,0.170870,22
4811,8.873758,2.417549,0.170870,33
4825,5.480797,2.052217,0.054197,137
4825,5.581760,2.052217,0.054197,96
4825,5.807518,2.052217,0.054197,148
4825,5.949985,2.052217,0.054197,143
4825,6.089685,2.052217,0.054197,67
4825,6.210374,2.052217,0.054197,107
4825,6.397785,2.052217,0.054197,185
4825,6.515641,2.052217,0.054197,167
4825,6.702411,2.052217,0.054197,143
4825,6.853431,2.052217,0.054197,41
4825,7.034303,2.052217,0.054197,35
4979,7.028278,2.299896,0.153186,17
4979,10.208269,2.299896,0.153186,66
4979,10.501714,2.299896,0.153186,105
4979,10.654947,2.299896,0.153186,37
5065,8.441445,2.937836,0.123247,114
5065,8.619092,2.937836,0.123247,31
5065,8.793691,2.937836,0.123247,212
5065,8.904282,2.937836,0.123247,162
5065,9.154066,2.937836,0.123247,651
5133,7.846253,2.046988,-0.136762,34
5133,10.943398,2.046988,-0.136762,96
5133,11.621911,2.046988,-0.136762,42
5256,5.321178,2.037254,0.044249,98
5256,5.424266,2.037254,0.044249,129
5256,5.682486,2.037254,0.044249,87
5256,5.819964,2.037254,0.044249,114
5256,5.966766,2.037254,0.044249,151
5256,6.089286,2.037254,0.044249,78
5256,6.217330,2.037254,0.044249,90
5256,6.348503,2.037254,0.044249,161
5256,6.485317,2.037254,0.044249,197
5256,6.628276,2.037254,0.044249,148
5256,6.757303,2.037254,0.044249,100
5397,12.634349,0.694891,0.012281,50
5397,12.980753,0.694891,0.012281,50
5470,6.337584,1.717162,0.029746,38
5470,7.292450,1.717162,0.029746,142
5470,7.486647,1.717162,0.029746,83
5470,7.693020,1.717162,0.029746,145
5477,10.073304,1.021682,0.082272,24
5477,10.327000,1.021682,0.082272,68
5477,10.461235,1.021682,0.082272,95
5477,10.675637,1.021682,0.082272,24
5511,9.882468,0.832844,0.018465,29
5511,10.005466,0.832844,0.018465,54
5511,10.122601,0.832844,0.018465,93
5511,10.244035,0.832844,0.018465,130
5511,12.277844,0.832844,0.018465,32
5511,12.494427,0.832844,0.018465,70
5511,12.619192,0.832844,0.018465,81
5511,12.866444,0.832844,0.018465,30
5555,2.789913,3.489763,-0.191835,111
5555,3.203904,3.489763,-0.191835,69
5555,4.550662,3.489763,-0.191835,354
5555,5.518784,3.489763,-0.191835,3974
5673,10.970520,2.233610,0.246021,120
5673,11.091353,2.233610,0.246021,530
5673,11.215329,2.233610,0.246021,778
5673,11.322545,2.233610,0.246021,290
5673,12.390919,2.233610,0.246021,2806
5770,11.797732,1.696778,-0.138735,24
5785,9.089985,3.000185,0.132329,2324
5892,9.318760,0.999901,-0.008957,59
5892,9.454297,0.999901,-0.008957,22
5892,9.544713,0.999901,-0.008957,34
5892,9.624428,0.999901,-0.008957,85
6016,12.749546,0.075226,0.001629,10
6016,12.844253,0.075226,0.001629,13
6034,1.384014,2.910485,0.018062,31
6034,1.576335,2.910485,0.018062,45
6034,1.697873,2.910485,0.018062,78
6034,1.960383,2.910485,0.018062,99
6034,2.093179,2.910485,0.018062,144
6034,2.260917,2.910485,0.018062,72
6034,2.402790,2.910485,0.018062,133
6034,2.525447,2.910485,0.018062,142
6034,2.692332,2.910485,0.018062,98
6034,2.806099,2.910485,0.018062,167
6034,3.759101,2.910485,0.018062,24
6034,3.857866,2.910485,0.018062,51
6034,4.421962,2.910485,0.018062,43
6034,4.548177,2.910485,0.018062,23
6034,4.853104,2.910485,0.018062,52
6034,5.193867,2.910485,0.018062,128
6034,5.340828,2.910485,0.018062,64
6034,5.906701,2.910485,0.018062,223
6034,6.021572,2.910485,0.018062,50
6034,6.649160,2.910485,0.018062,91
6034,6.804622,2.910485,0.018062,89
6034,6.900547,2.910485,0.018062,105
6034,7.109414,2.910485,0.018062,797
6054,3.552336,2.381244,0.006254,9
6054,3.880334,2.381244,0.006254,59
6054,4.163346,2.381244,0.006254,133
6054,4.286543,2.381244,0.006254,72
6054,4.467708,2.381244,0.006254,66
6054,9.398686,2.381244,0.006254,145
6150,12.499315,2.109543,-0.451808,53
6165,5.548898,1.962721,0.048320,82
6165,5.671009,1.962721,0.048320,134
6165,5.817392,1.962721,0.048320,123
6165,5.962452,1.962721,0.048320,83
6165,6.085889,1.962721,0.048320,67
6165,6.174585,1.962721,0.048320,124
6165,6.362324,1.962721,0.048320,82
6165,6.485503,1.962721,0.048320,72
6165,6.602697,1.962721,0.048320,110
6165,6.720983,1.962721,0.048320,217
6165,6.856400,1.962721,0.048320,164
6165,7.016637,1.962721,0.048320,209
6172,9.583794,1.284568,0.101055,31
6172,9.937688,1.284568,0.101055,106
6172,10.696508,1.284568,0.101055,131
6172,11.723908,1.284568,0.101055,31
6172,12.266671,1.284568,0.101055,12
6303,10.398985,2.299241,-0.100818,35
6303,10.770352,2.299241,-0.100818,71
6303,11.517251,2.299241,-0.100818,48
6335,3.773789,2.374472,-0.004303,24
6335,4.024047,2.374472,-0.004303,144
6335,4.155209,2.374472,-0.004303,171
6335,9.423325,2.374472,-0.004303,151
6335,9.559214,2.374472,-0.004303,42
6335,9.980095,2.374472,-0.004303,33
6377,5.177855,1.999937,0.045112,22
6377,5.378705,1.999937,0.045112,94
6377,5.499916,1.999937,0.045112,123
6377,5.718464,1.999937,0.045112,166
6377,5.909719,1.999937,0.045112,66
6377,6.060429,1.999937,0.045112,149
6377,6.189164,1.999937,0.045112,124
6377,6.372472,1.999937,0.045112,88
6377,6.522643,1.999937,0.045112,177
6377,6.640514,1.999937,0.045112,194
6377,6.830085,1.999937,0.045112,174
6377,7.036701,1.999937,0.045112,96
6684,5.931420,2.809518,0.178576,28
6684,6.126817,2.809518,0.178576,203
6684,6.419683,2.809518,0.178576,63
6684,6.729129,2.809518,0.178576,242
6684,7.531383,2.809518,0.178576,74
6684,7.834469,2.809518,0.178576,1267
6684,8.237567,2.809518,0.178576,72
6685,9.801687,2.362206,-0.065283,45
6865,7.374424,1.484726,-0.040195,45
6865,8.106909,1.484726,-0.040195,138
6865,11.702308,1.484726,-0.040195,39
7019,10.508904,0.649935,0.050582,8
7019,12.523698,0.649935,0.050582,99
7023,1.007029,3.277813,-0.051573,144
7023,1.181414,3.277813,-0.051573,84
7023,1.520627,3.277813,-0.051573,168
7023,1.822631,3.277813,-0.051573,46
7023,2.258312,3.277813,-0.051573,40
7023,2.669848,3.277813,-0.051573,47
7023,3.496945,3.277813,-0.051573,146
7023,3.676181,3.277813,-0.051573,62
7023,3.808887,3.277813,-0.051573,39
7023,4.125426,3.277813,-0.051573,138
7023,4.267508,3.277813,-0.051573,133
7023,4.388124,3.277813,-0.051573,196
7023,5.153619,3.277813,-0.051573,88
7023,5.274501,3.277813,-0.051573,82
7023,5.412156,3.277813,-0.051573,266
7023,5.545043,3.277813,-0.051573,459
7023,5.657991,3.277813,-0.051573,441
7023,5.799459,3.277813,-0.051573,99
7023,7.085466,3.277813,-0.051573,45
7023,7.232993,3.277813,-0.051573,178
7023,7.345014,3.277813,-0.051573,222
7023,7.565638,3.277813,-0.051573,355
7023,7.674840,3.277813,-0.051573,2733
7265,4.580291,2.438767,0.080793,93
7265,4.741730,2.438767,0.080793,138
7265,4.864703,2.438767,0.080793,210
7265,4.970170,2.438767,0.080793,155
7265,5.119454,2.438767,0.080793,111
7265,5.291802,2.438767,0.080793,63
7265,6.017247,2.438767,0.080793,48
7311,1.127431,3.474731,-0.132493,36
7311,3.092061,3.474731,-0.132493,47
7311,4.802262,3.474731,-0.132493,304
7311,5.326557,3.474731,-0.132493,84
7326,1.669840,2.862481,0.017860,56
7326,1.802935,2.862481,0.017860,68
7326,2.098690,2.862481,0.017860,146
7326,2.248222,2.862481,0.017860,165
7326,2.400829,2.862481,0.017860,64
7326,2.655691,2.862481,0.017860,142
7326,2.745661,2.862481,0.017860,70
7326,2.909268,2.862481,0.017860,81
7326,3.009318,2.862481,0.017860,152
7326,3.780465,2.862481,0.017860,23
7326,4.116186,2.862481,0.017860,15
7326,5.062079,2.862481,0.017860,35
7326,6.910883,2.862481,0.017860,100
7326,7.069663,2.862481,0.017860,212
7424,11.426515,2.191413,0.156363,374
7424,11.555404,2.191413,0.156363,494
7424,11.667959,2.191413,0.156363,239
7456,4.573580,3.259099,-0.121121,169
7456,4.715690,3.259099,-0.121121,46
7456,6.017424,3.259099,-0.121121,41
7456,6.484594,3.259099,-0.121121,81
7456,6.579165,3.259099,-0.121121,131
7456,6.663784,3.259099,-0.121121,39
7483,1.166462,3.081964,0.002175,36
7483,1.535077,3.081964,0.002175,60
7483,1.642671,3.081964,0.002175,137
7483,1.810346,3.081964,0.002175,133
7483,2.093261,3.081964,0.002175,88
7483,2.250844,3.081964,0.002175,242
7483,2.373872,3.081964,0.002175,224
7483,2.557237,3.081964,0.002175,63
7483,2.725282,3.081964,0.002175,39
7483,3.113393,3.081964,0.002175,40
7483,3.235233,3.081964,0.002175,48
7483,3.638531,3.081964,0.002175,37
7483,4.342276,3.081964,0.002175,135
7483,4.854388,3.081964,0.002175,88
7483,4.986472,3.081964,0.002175,104
7483,5.261864,3.081964,0.002175,180
7483,5.369389,3.081964,0.002175,74
7483,6.150083,3.081964,0.002175,212
7483,6.457365,3.081964,0.002175,441
7483,6.575337,3.081964,0.002175,91
7483,7.408335,3.081964,0.002175,121
7483,7.514209,3.081964,0.002175,123
7483,7.625879,3.081964,0.002175,72
7483,7.954220,3.081964,0.002175,78
7483,8.074379,3.081964,0.002175,242
7483,8.221339,3.081964,0.002175,169
7483,8.378138,3.081964,0.002175,169
7483,8.494680,3.081964,0.002175,84
7565,1.436805,3.467311,-0.287473,68
7565,3.926044,3.467311,-0.287473,666
7565,4.126517,3.467311,-0.287473,318
7657,4.423019,2.493745,0.079521,99
7657,4.595171,2.493745,0.079521,196
7657,4.727582,2.493745,0.079521,179
7657,4.849279,2.493745,0.079521,201
7657,4.989882,2.493745,0.079521,63
7657,5.176527,2.493745,0.079521,37
7657,5.352167,2.493745,0.079521,18
7657,5.537859,2.493745,0.079521,51
7657,5.776569,2.493745,0.079521,43
7657,5.899670,2.493745,0.079521,25
7694,10.060723,2.267119,-0.095517,82
7694,10.271489,2.267119,-0.095517,32
7694,10.754829,2.267119,-0.095517,23
7694,10.905912,2.267119,-0.095517,51
7694,11.048091,2.267119,-0.095517,51
7694,11.617196,2.267119,-0.095517,61
7694,12.058445,2.267119,-0.095517,58
7694,12.156598,2.267119,-0.095517,49
8028,8.918307,1.592483,0.076790,24
8180,5.283611,2.018737,0.041219,80
8180,5.426113,2.018737,0.041219,118
8180,5.570646,2.018737,0.041219,141
8180,5.692711,2.018737,0.041219,111
8180,5.833051,2.018737,0.041219,68
8180,5.953263,2.018737,0.041219,157
8180,6.101263,2.018737,0.041219,127
8180,6.240615,2.018737,0.041219,77
8180,6.460418,2.018737,0.041219,172
8180,6.588660,2.018737,0.041219,188
8180,6.720254,2.018737,0.041219,132
8180,6.816530,2.018737,0.041219,129
8180,6.947296,2.018737,0.041219,51
8211,8.548120,2.484562,0.172799,87
8302,8.069527,1.323679,0.011042,67
8302,8.189579,1.323679,0.011042,115
8302,8.307429,1.323679,0.011042,137
8302,8.513008,1.323679,0.011042,75
8302,8.621523,1.323679,0.011042,215
8302,8.783651,1.323679,0.011042,196
8302,12.660850,1.323679,0.011042,8
8491,9.890314,2.320193,0.319104,88
8491,10.685798,2.320193,0.319104,920
8491,10.825231,2.320193,0.319104,111
8491,11.008092,2.320193,0.319104,137
8491,11.432058,2.320193,0.319104,43
8491,11.580940,2.320193,0.319104,270
8491,11.696302,2.320193,0.319104,222
8491,11.835502,2.320193,0.319104,764
8491,11.952969,2.320193,0.319104,2247
8493,7.749140,1.858660,-0.082693,66
8493,10.035378,1.858660,-0.082693,17
8493,10.244025,1.858660,-0.082693,30
8493,10.335173,1.858660,-0.082693,33
8493,11.743338,1.858660,-0.082693,58
8493,11.849868,1.858660,-0.082693,15
8493,11.923432,1.858660,-0.082693,27
8537,1.060102,3.268305,-0.031256,153
8537,1.232553,3.268305,-0.031256,66
8537,1.339772,3.268305,-0.031256,168
8537,1.492249,3.268305,-0.031256,313
8537,1.591116,3.268305,-0.031256,143
8537,1.750847,3.268305,-0.031256,34
8537,2.387649,3.268305,-0.031256,19
8537,2.892754,3.268305,-0.031256,32
8537,3.623349,3.268305,-0.031256,110
8537,3.838585,3.268305,-0.031256,49
8537,3.996474,3.268305,-0.031256,109
8537,4.143170,3.268305,-0.031256,45
8537,4.315717,3.268305,-0.031256,129
8537,4.459429,3.268305,-0.031256,96
8537,5.100453,3.268305,-0.031256,50
8537,5.378664,3.268305,-0.031256,226
8537,5.539194,3.268305,-0.031256,256
8537,5.665931,3.268305,-0.031256,653
8537,5.758479,3.268305,-0.031256,203
8537,5.855607,3.268305,-0.031256,69
8537,7.132275,3.268305,-0.031256,47
8537,7.299537,3.268305,-0.031256,225
8537,7.450586,3.268305,-0.031256,116
8537,7.588871,3.268305,-0.031256,258
8537,7.701073,3.268305,-0.031256,1487
8537,7.785705,3.268305,-0.031256,1040
8602,10.827276,2.272378,0.292979,513
8602,10.940521,2.272378,0.292979,791
8602,11.073943,2.272378,0.292979,83
8602,11.221372,2.272378,0.292979,148
8602,11.348559,2.272378,0.292979,120
8602,12.088120,2.272378,0.292979,2078
8602,12.200060,2.272378,0.292979,950
8861,5.195691,1.998527,0.022008,53
8861,5.461308,1.998527,0.022008,118
8861,5.599860,1.998527,0.022008,91
8861,6.063929,1.998527,0.022008,56
8861,6.130884,1.998527,0.022008,110
8861,6.440577,1.998527,0.022008,37
8861,6.593540,1.998527,0.022008,148
8861,7.196781,1.998527,0.022008,25
8959,8.476875,1.242370,0.009704,105
8959,8.638121,1.242370,0.009704,146
8959,8.817048,1.242370,0.009704,67
8959,8.934779,1.242370,0.009704,233
8959,9.098864,1.242370,0.009704,194
8959,9.226450,1.242370,0.009704,100
8959,9.358126,1.242370,0.009704,86
9105,2.227642,3.237903,-0.074336,25
9105,2.536746,3.237903,-0.074336,53
9105,3.281717,3.237903,-0.074336,21
9105,3.545085,3.237903,-0.074336,31
9105,4.621863,3.237903,-0.074336,68
9105,6.000348,3.237903,-0.074336,57
9105,6.297759,3.237903,-0.074336,69
9105,6.457354,3.237903,-0.074336,45
9105,6.737235,3.237903,-0.074336,192
9105,6.860298,3.237903,-0.074336,110
9105,7.903394,3.237903,-0.074336,556
9282,10.071230,0.752041,0.024723,14
9282,10.376850,0.752041,0.024723,45
9282,12.335908,0.752041,0.024723,58
9282,12.496585,0.752041,0.024723,70
9282,12.815789,0.752041,0.024723,63
9456,10.991835,2.217436,0.246556,127
9456,11.168027,2.217436,0.246556,380
9456,11.253828,2.217436,0.246556,652
9456,11.427443,2.217436,0.246556,252
9456,12.378235,2.217436,0.246556,2279
9456,12.485526,2.217436,0.246556,985
9585,4.022648,2.651262,0.103120,189
9585,4.165878,2.651262,0.103120,218
9585,4.290987,2.651262,0.103120,66
9585,4.425863,2.651262,0.103120,55
9585,5.616436,2.651262,0.103120,31
9645,12.023403,2.072338,0.231015,294
9701,4.992282,3.396347,-0.053583,403
9701,5.149639,3.396347,-0.053583,645
9701,5.275946,3.396347,-0.053583,179
9701,7.110366,3.396347,-0.053583,504
9701,7.225398,3.396347,-0.053583,2545
9752,11.778538,2.153255,0.122717,645
9752,12.567523,2.153255,0.122717,292
9752,12.699390,2.153255,0.122717,152
9789,1.487206,3.255208,-0.010695,206
9789,3.037907,3.255208,-0.010695,40
9789,4.057350,3.255208,-0.010695,48
9789,4.406182,3.255208,-0.010695,86
9789,5.482966,3.255208,-0.010695,190
9789,7.076863,3.255208,-0.010695,66
9977,9.407922,1.178676,0.044704,130
9977,9.673450,1.178676,0.044704,101
9977,9.801830,1.178676,0.044704,102
9977,9.944412,1.178676,0.044704,70
9977,10.830889,1.178676,0.044704,51
9977,11.937224,1.178676,0.044704,27
10027,9.558083,2.363236,0.291612,123
10027,9.695990,2.363236,0.291612,102
10027,10.148576,2.363236,0.291612,41
10027,10.299464,2.363236,0.291612,121
10027,10.532875,2.363236,0.291612,362
10027,10.669900,2.363236,0.291612,146
10027,10.849764,2.363236,0.291612,167
10027,11.107881,2.363236,0.291612,37
10027,11.638650,2.363236,0.291612,247
10027,11.716650,2.363236,0.291612,1345
10027,11.793178,2.363236,0.291612,966
10391,12.644548,1.103112,0.180267,18
10589,10.405685,0.752085,0.052296,65
10589,10.566367,0.752085,0.052296,138
10589,10.677508,0.752085,0.052296,97
10589,12.001061,0.752085,0.052296,42
10589,12.157000,0.752085,0.052296,92
10589,12.271844,0.752085,0.052296,59
10734,11.783250,0.412339,0.021630,49
11066,9.170836,2.390562,0.263066,23
11066,9.342466,2.390562,0.263066,64
11278,5.966343,1.913362,0.065468,124
11278,6.100355,1.913362,0.065468,137
11278,6.639356,1.913362,0.065468,19
11496,7.951346,2.067423,-0.105580,28
11496,9.351304,2.067423,-0.105580,27
11496,10.703271,2.067423,-0.105580,34
11496,10.820007,2.067423,-0.105580,46
11496,11.016821,2.067423,-0.105580,37
11505,6.743495,1.672688,-0.040386,38
11505,6.862015,1.672688,-0.040386,58
11505,7.154525,1.672688,-0.040386,194
11505,8.098190,1.672688,-0.040386,27
11505,8.221176,1.672688,-0.040386,119
11505,8.761864,1.672688,-0.040386,51
11505,8.862457,1.672688,-0.040386,36
11505,9.109307,1.672688,-0.040386,83
11505,9.672496,1.672688,-0.040386,25
11505,10.189764,1.672688,-0.040386,22
11505,10.668055,1.672688,-0.040386,18
11505,12.568827,1.672688,-0.040386,37
11663,11.758766,1.688135,-0.116410,21
11908,6.348495,2.774900,0.262591,83
11908,6.537897,2.774900,0.262591,231
11908,6.643844,2.774900,0.262591,91
11908,7.079138,2.774900,0.262591,190
11908,7.179822,2.774900,0.262591,116
11908,7.307792,2.774900,0.262591,76
11908,8.157694,2.774900,0.262591,534
11908,8.276932,2.774900,0.262591,855
11908,8.397717,2.774900,0.262591,48
11908,9.051523,2.774900,0.262591,122
11908,9.186956,2.774900,0.262591,127
11908,9.299172,2.774900,0.262591,108
11908,9.630967,2.774900,0.262591,180
11908,9.779513,2.774900,0.262591,156
11908,9.999143,2.774900,0.262591,666
11908,10.102351,2.774900,0.262591,2279
11908,10.190440,2.774900,0.262591,127
11948,5.983111,3.368396,-0.225742,300
11948,6.129053,3.368396,-0.225742,93
12216,8.046137,1.892304,-0.150683,71
12216,8.171489,1.892304,-0.150683,46
12216,8.844771,1.892304,-0.150683,34
12380,10.030347,1.011219,0.051299,193
12380,10.256902,1.011219,0.051299,68
12380,10.368127,1.011219,0.051299,100
12380,10.494107,1.011219,0.051299,84
12380,10.991536,1.011219,0.051299,52
12380,11.182120,1.011219,0.051299,42
12380,11.442624,1.011219,0.051299,72
12380,11.895897,1.011219,0.051299,89
12380,12.061483,1.011219,0.051299,45
12380,12.191145,1.011219,0.051299,41
12380,12.323779,1.011219,0.051299,22
12544,12.298703,2.169440,-0.429813,39
12544,12.894341,2.169440,-0.429813,118
12838,12.921048,1.336565,-0.191151,84
12860,12.861919,0.621932,0.010613,54
12860,12.981653,0.621932,0.010613,65
13005,12.798299,1.358374,-0.187731,81
13005,12.955874,1.358374,-0.187731,50
13123,4.256698,2.516627,0.086835,46
13123,4.358716,2.516627,0.086835,125
13123,4.519314,2.516627,0.086835,199
13123,4.657923,2.516627,0.086835,170
13123,4.812938,2.516627,0.086835,143
13123,4.961648,2.516627,0.086835,67
13123,5.143936,2.516627,0.086835,42
13123,5.488598,2.516627,0.086835,45
13123,5.637680,2.516627,0.086835,40
13123,5.808721,2.516627,0.086835,25
13150,11.845655,1.463247,-0.055198,31
13154,11.580817,0.518513,0.098230,190
13154,12.075619,0.518513,0.098230,181
13154,12.201656,0.518513,0.098230,114
13154,12.423110,0.518513,0.098230,120
13154,12.556950,0.518513,0.098230,108
13154,12.957353,0.518513,0.098230,41
13204,5.730332,2.849603,0.134793,125
13204,5.968913,2.849603,0.134793,217
13204,6.093461,2.849603,0.134793,58
13204,6.248601,2.849603,0.134793,99
13204,6.430751,2.849603,0.134793,195
13204,6.538372,2.849603,0.134793,139
13204,6.646561,2.849603,0.134793,49
13204,7.252414,2.849603,0.134793,28
13204,7.373068,2.849603,0.134793,81
13204,7.510829,2.849603,0.134793,180
13204,7.622640,2.849603,0.134793,1262
13204,8.148361,2.849603,0.134793,67
13405,5.679174,2.847894,0.126450,53
13405,5.899348,2.847894,0.126450,180
13405,6.012994,2.847894,0.126450,104
13405,6.226144,2.847894,0.126450,93
13405,6.431406,2.847894,0.126450,245
13405,6.562316,2.847894,0.126450,103
13405,6.674942,2.847894,0.126450,32
13405,7.293507,2.847894,0.126450,81
13405,7.476790,2.847894,0.126450,197
13405,7.593846,2.847894,0.126450,1220
13405,7.789758,2.847894,0.126450,47
13405,8.077471,2.847894,0.126450,53
13405,8.285713,2.847894,0.126450,38
13605,9.981622,1.271512,0.098377,101
13605,10.153620,1.271512,0.098377,27
13605,10.687122,1.271512,0.098377,88
13605,11.203587,1.271512,0.098377,50
13605,11.682128,1.271512,0.098377,29
13605,11.874409,1.271512,0.098377,25
13605,12.798742,1.271512,0.098377,27
13826,12.059702,0.377244,0.060598,70
13826,12.183634,0.377244,0.060598,176
13826,12.461671,0.377244,0.060598,218
13826,12.613461,0.377244,0.060598,200
13826,12.819823,0.377244,0.060598,97
13826,12.972565,0.377244,0.060598,101
13882,9.468206,1.404488,0.098224,98
13882,10.170122,1.404488,0.098224,66
13882,10.473307,1.404488,0.098224,42
13882,10.642651,1.404488,0.098224,49
13882,10.755997,1.404488,0.098224,17
13882,10.927573,1.404488,0.098224,24
13963,12.708735,2.069171,-0.466000,28
14011,5.057226,2.910897,-0.021180,103
14011,6.906980,2.910897,-0.021180,350
14094,8.485251,1.245308,0.018016,109
14094,8.614344,1.245308,0.018016,151
14094,8.905088,1.245308,0.018016,237
14094,9.016154,1.245308,0.018016,81
14094,9.139326,1.245308,0.018016,197
14094,9.280852,1.245308,0.018016,84
14094,9.435694,1.245308,0.018016,54
14211,9.078545,2.391022,0.222199,15
14211,9.457309,2.391022,0.222199,81
14211,9.575347,2.391022,0.222199,37
14695,1.399740,3.024715,-0.005932,139
14695,1.520462,3.024715,-0.005932,156
14695,1.663484,3.024715,-0.005932,95
14695,2.048992,3.024715,-0.005932,133
14695,2.165644,3.024715,-0.005932,65
14695,2.283496,3.024715,-0.005932,127
14695,2.420204,3.024715,-0.005932,194
14695,3.513072,3.024715,-0.005932,40
14695,3.993509,3.024715,-0.005932,35
14695,4.416549,3.024715,-0.005932,52
14695,4.538283,3.024715,-0.005932,138
14695,5.096023,3.024715,-0.005932,81
14695,5.483619,3.024715,-0.005932,168
14695,5.705207,3.024715,-0.005932,100
14695,6.274578,3.024715,-0.005932,132
14695,6.395543,3.024715,-0.005932,240
14695,6.536960,3.024715,-0.005932,195
14695,6.651681,3.024715,-0.005932,665
14695,6.762711,3.024715,-0.005932,119
14707,1.554953,3.401355,-0.132699,27
14707,2.820119,3.401355,-0.132699,70
14707,2.968882,3.401355,-0.132699,104
14707,3.129276,3.401355,-0.132699,64
14707,3.360863,3.401355,-0.132699,81
14707,3.578022,3.401355,-0.132699,206
14707,3.692228,3.401355,-0.132699,72
14707,3.804762,3.401355,-0.132699,166
14707,4.672512,3.401355,-0.132699,541
14707,6.670501,3.401355,-0.132699,411
14870,12.772949,0.234571,-0.042813,16
14914,7.197811,2.584124,0.300932,27
14914,7.472744,2.584124,0.300932,173
14914,7.558675,2.584124,0.300932,93
14914,10.529987,2.584124,0.300932,294
14914,10.652794,2.584124,0.300932,186
14914,10.798906,2.584124,0.300932,429
14914,10.882020,2.584124,0.300932,2234
14914,10.962159,2.584124,0.300932,177
14960,8.209215,2.563158,0.424628,100
14960,8.467927,2.563158,0.424628,48
14960,8.603516,2.563158,0.424628,65
14960,9.277339,2.563158,0.424628,99
14960,9.396549,2.563158,0.424628,68
15016,10.695900,0.711240,0.086263,131
15016,10.860316,0.711240,0.086263,150
15016,11.122755,0.711240,0.086263,199
15016,11.288570,0.711240,0.086263,186
15016,11.552614,0.711240,0.086263,90
15016,11.664202,0.711240,0.086263,86
15016,11.820739,0.711240,0.086263,91
15016,11.936595,0.711240,0.086263,43
15040,9.915796,2.316606,0.328557,56
15040,10.737183,2.316606,0.328557,609
15040,11.101659,2.316606,0.328557,83
15040,11.626661,2.316606,0.328557,285
15040,11.769935,2.316606,0.328557,338
15040,11.901087,2.316606,0.328557,547
15040,11.967731,2.316606,0.328557,2198
15099,7.840742,2.805309,0.351481,26
15099,8.143701,2.805309,0.351481,17
15136,3.957983,2.639512,0.091344,184
15136,4.096589,2.639512,0.091344,182
15136,4.241541,2.639512,0.091344,209
15136,4.365169,2.639512,0.091344,53
15136,5.075537,2.639512,0.091344,38
15136,5.413868,2.639512,0.091344,36
15179,11.031383,2.269867,-0.155844,68
15179,11.317111,2.269867,-0.155844,47
15179,11.524395,2.269867,-0.155844,75
15179,11.757680,2.269867,-0.155844,94
15179,12.154598,2.269867,-0.155844,17
15179,12.529230,2.269867,-0.155844,19
15179,12.755228,2.269867,-0.155844,112
15179,12.874534,2.269867,-0.155844,333
15179,12.989796,2.269867,-0.155844,288
15204,12.536592,1.445734,-0.177158,78
15204,12.689067,1.445734,-0.177158,38
15204,12.927542,1.445734,-0.177158,25
15302,6.065921,2.548951,0.146314,40
15382,12.577610,1.872017,-0.244813,26
15389,6.775644,2.754605,0.310786,232
15389,6.939484,2.754605,0.310786,33
15389,7.217988,2.754605,0.310786,219
15389,7.342275,2.754605,0.310786,187
15389,7.486875,2.754605,0.310786,42
15389,8.340177,2.754605,0.310786,472
15389,8.459502,2.754605,0.310786,895
15389,9.123475,2.754605,0.310786,142
15389,9.900795,2.754605,0.310786,199
15407,6.840907,2.483545,0.206420,17
15407,7.653156,2.483545,0.206420,29
15407,7.809705,2.483545,0.206420,48
15407,7.947542,2.483545,0.206420,49
15574,11.961650,1.468648,-0.113662,21
15629,8.865018,1.498399,0.099954,38
15629,9.098764,1.498399,0.099954,93
15675,2.414392,3.479539,-0.205929,79
15675,2.663619,3.479539,-0.205929,59
15675,2.974248,3.479539,-0.205929,50
15675,3.105937,3.479539,-0.205929,155
15675,3.358956,3.479539,-0.205929,167
15675,3.720583,3.479539,-0.205929,90
15675,3.814147,3.479539,-0.205929,33
15675,4.485235,3.479539,-0.205929,357
15675,5.580285,3.479539,-0.205929,3884
15691,10.915406,1.310865,0.140533,35
15691,11.025546,1.310865,0.140533,38
15773,6.550616,2.737074,0.269788,93
15773,6.660622,2.737074,0.269788,165
15773,9.196774,2.737074,0.269788,109
15773,9.442542,2.737074,0.269788,74
15773,9.664909,2.737074,0.269788,47
15773,10.087560,2.737074,0.269788,290
15773,10.179331,2.737074,0.269788,545
15773,10.280352,2.737074,0.269788,2267
15885,4.904696,3.440139,-0.078744,668
15885,5.041191,3.440139,-0.078744,290
15885,5.205028,3.440139,-0.078744,122
15885,6.889120,3.440139,-0.078744,3052
15942,10.644753,0.826207,0.083096,255
15942,10.756784,0.826207,0.083096,131
15942,10.869574,0.826207,0.083096,135
15942,11.107909,0.826207,0.083096,112
15942,11.232600,0.826207,0.083096,123
15942,11.362598,0.826207,0.083096,89
15942,11.483352,0.826207,0.083096,44
15942,11.942107,0.826207,0.083096,28
16006,8.875556,2.438227,0.301523,8
16006,10.544459,2.438227,0.301523,209
16006,10.626122,2.438227,0.301523,31
16006,10.772032,2.438227,0.301523,45
16006,11.110786,2.438227,0.301523,308
16006,11.289033,2.438227,0.301523,378
16006,11.412581,2.438227,0.301523,2182
16006,11.529203,2.438227,0.301523,622
16028,10.398207,2.671886,0.259080,642
16028,10.522552,2.671886,0.259080,2224
16127,11.424478,0.549107,0.083790,225
16127,11.566757,0.549107,0.083790,32
16127,11.686481,0.549107,0.083790,67
16127,11.789635,0.549107,0.083790,201
16127,12.197684,0.549107,0.083790,84
16127,12.301917,0.549107,0.083790,114
16127,12.441270,0.549107,0.083790,130
16127,12.573732,0.549107,0.083790,60
16127,12.685642,0.549107,0.083790,15
16127,12.905753,0.549107,0.083790,33
16688,6.056625,2.825102,0.221196,114
16688,6.357031,2.825102,0.221196,95
16688,6.455037,2.825102,0.221196,42
16688,6.684057,2.825102,0.221196,63
16688,7.646416,2.825102,0.221196,90
16688,7.792976,2.825102,0.221196,116
16688,7.910600,2.825102,0.221196,105
16688,8.592083,2.825102,0.221196,119
16688,8.798004,2.825102,0.221196,110
16688,8.956890,2.825102,0.221196,134
16688,9.136118,2.825102,0.221196,62
16688,9.261908,2.825102,0.221196,48
16688,9.426049,2.825102,0.221196,224
16688,9.610908,2.825102,0.221196,87
16688,9.783691,2.825102,0.221196,791
16688,9.891156,2.825102,0.221196,2131
16838,12.713852,0.646098,0.022027,63
16838,12.898669,0.646098,0.022027,72
16949,7.395466,2.490486,0.179839,32
16949,8.548733,2.490486,0.179839,64
17090,10.421115,0.832215,0.062696,50
17090,10.569142,0.832215,0.062696,245
17090,10.940571,0.832215,0.062696,49
17090,11.152410,0.832215,0.062696,102
17090,11.355901,0.832215,0.062696,55
17090,11.799898,0.832215,0.062696,108
17090,11.992674,0.832215,0.062696,55
17207,5.837937,1.952393,0.065528,147
17207,6.010336,1.952393,0.065528,115
17207,7.015539,1.952393,0.065528,166
17288,7.289964,2.020889,-0.003548,35
17349,9.059058,1.356361,0.038057,116
17349,12.194042,1.356361,0.038057,35
17389,9.770148,0.946122,0.024189,56
17389,9.885153,0.946122,0.024189,74
17389,10.086813,0.946122,0.024189,257
17389,10.185026,0.946122,0.024189,21
17389,12.078986,0.946122,0.024189,60
17389,12.211956,0.946122,0.024189,72
17389,12.447309,0.946122,0.024189,28
17389,12.772933,0.946122,0.024189,36
17389,12.959347,0.946122,0.024189,37
17426,10.930138,0.748922,0.097639,245
17426,11.148513,0.748922,0.097639,183
17426,11.263994,0.748922,0.097639,92
17426,11.378919,0.748922,0.097639,102
17426,11.654488,0.748922,0.097639,85
17641,3.496251,2.788755,0.085530,190
17641,3.614314,2.788755,0.085530,247
17641,3.908041,2.788755,0.085530,35
17641,5.275573,2.788755,0.085530,31
17641,5.425267,2.788755,0.085530,23
17798,7.899006,1.328925,-0.003565,28
17798,8.084452,1.328925,-0.003565,62
17798,8.260549,1.328925,-0.003565,147
17798,8.518041,1.328925,-0.003565,204
17798,8.673728,1.328925,-0.003565,80
17798,8.834944,1.328925,-0.003565,141
17798,9.014891,1.328925,-0.003565,95
17807,6.204909,1.698773,0.000468,17
17807,6.607164,1.698773,0.000468,88
17807,6.713721,1.698773,0.000468,90
17807,6.812098,1.698773,0.000468,110
17807,7.236680,1.698773,0.000468,137
17807,7.353729,1.698773,0.000468,136
17807,7.501982,1.698773,0.000468,75
17807,7.797483,1.698773,0.000468,175
18211,8.969531,1.387930,0.028563,78
18211,11.841516,1.387930,0.028563,15
18211,11.982631,1.387930,0.028563,19
18211,12.117531,1.387930,0.028563,38
18597,6.986887,3.471354,-0.054927,2538
18642,11.098948,1.210284,0.127612,40
18642,12.084490,1.210284,0.127612,34
18642,12.756696,1.210284,0.127612,17
18819,12.837496,1.393474,-0.205957,51
19099,4.907594,2.070205,0.025660,26
19099,5.134758,2.070205,0.025660,120
19099,5.309826,2.070205,0.025660,140
19099,5.452973,2.070205,0.025660,133
19099,5.577163,2.070205,0.025660,68
19099,5.717518,2.070205,0.025660,87
19099,5.911889,2.070205,0.025660,78
19099,6.372047,2.070205,0.025660,51
19099,6.570251,2.070205,0.025660,133
19996,11.865831,2.218943,-0.340926,61
19996,12.058610,2.218943,-0.340926,50
19996,12.206035,2.218943,-0.340926,66
19996,12.444566,2.218943,-0.340926,75
19996,12.572269,2.218943,-0.340926,80
20308,11.069118,2.229266,0.176224,72
20308,11.294108,2.229266,0.176224,298
20308,11.392089,2.229266,0.176224,364
20352,11.435268,0.549690,0.104567,153
20352,11.594014,0.549690,0.104567,36
20352,11.704703,0.549690,0.104567,217
20352,11.859383,0.549690,0.104567,145
20352,11.992867,0.549690,0.104567,137
20352,12.149079,0.549690,0.104567,81
20352,12.286335,0.549690,0.104567,128
20352,12.432866,0.549690,0.104567,103
20370,12.364215,0.327771,0.042069,248
20370,12.629490,0.327771,0.042069,221
20370,12.751229,0.327771,0.042069,30
20370,12.862879,0.327771,0.042069,219
20445,8.748775,2.481809,0.378522,24
20445,9.024566,2.481809,0.378522,112
20445,9.189167,2.481809,0.378522,65
20445,9.655169,2.481809,0.378522,104
20445,9.868662,2.481809,0.378522,102
20445,10.022179,2.481809,0.378522,120
20713,9.640282,2.047834,-0.037933,25
20713,9.963559,2.047834,-0.037933,63
20713,10.165964,2.047834,-0.037933,39
20713,10.489070,2.047834,-0.037933,23
20743,3.353649,2.421216,-0.015899,33
20743,3.465947,2.421216,-0.015899,24
20743,3.669255,2.421216,-0.015899,96
20743,3.839702,2.421216,-0.015899,155
20743,3.972432,2.421216,-0.015899,142
20743,4.103056,2.421216,-0.015899,98
20898,12.574837,0.206026,0.018508,54
20898,12.862742,0.206026,0.018508,144
20927,9.853624,0.958093,0.031357,63
20927,10.043599,0.958093,0.031357,261
20927,10.411002,0.958093,0.031357,31
20927,11.244968,0.958093,0.031357,48
20927,11.341228,0.958093,0.031357,67
20927,11.752683,0.958093,0.031357,36
20927,11.940057,0.958093,0.031357,59
20927,12.131303,0.958093,0.031357,86
20927,12.291284,0.958093,0.031357,41
20927,12.815274,0.958093,0.031357,29
21087,5.846170,1.846699,0.036940,42
21087,6.007091,1.846699,0.036940,108
21087,6.115961,1.846699,0.036940,107
21087,6.233264,1.846699,0.036940,99
21087,6.408067,1.846699,0.036940,118
21087,6.680410,1.846699,0.036940,124
21087,6.807904,1.846699,0.036940,103
21087,7.089021,1.846699,0.036940,101
21087,7.194864,1.846699,0.036940,211
21135,12.605253,2.226692,-0.209451,38
21231,4.960733,2.972378,-0.058455,59
21236,11.045426,0.765207,0.122656,59
21261,6.404874,2.761776,0.257358,102
21261,6.545818,2.761776,0.257358,229
21261,7.099769,2.761776,0.257358,223
21261,7.352301,2.761776,0.257358,27
21261,8.196692,2.761776,0.257358,914
21261,8.301525,2.761776,0.257358,287
21261,9.180014,2.761776,0.257358,144
21261,9.311211,2.761776,0.257358,92
21261,9.629470,2.761776,0.257358,92
21261,9.750671,2.761776,0.257358,191
21261,9.859595,2.761776,0.257358,55
21261,9.992814,2.761776,0.257358,371
21261,10.115610,2.761776,0.257358,2294
21261,10.229139,2.761776,0.257358,375
21493,12.608223,2.158317,-0.459505,48
21524,7.536485,2.480396,0.200866,16
21524,7.658707,2.480396,0.200866,29
21524,7.889624,2.480396,0.200866,50
21524,8.008400,2.480396,0.200866,36
21524,8.390168,2.480396,0.200866,104
21524,8.544741,2.480396,0.200866,28
21629,10.574930,2.322912,0.182750,24
21896,12.940902,0.749383,-0.013748,82
22056,7.706182,2.745104,0.400709,168
22056,8.696386,2.745104,0.400709,328
22056,8.800537,2.745104,0.400709,961
22110,8.214314,2.680952,0.432446,125
22110,8.350069,2.680952,0.432446,62
22110,8.807450,2.680952,0.432446,151
22110,8.919157,2.680952,0.432446,97
22110,9.114751,2.680952,0.432446,538
22110,9.225790,2.680952,0.432446,661
22215,8.022538,2.450682,0.295579,83
22215,8.633292,2.450682,0.295579,44
22215,10.765069,2.450682,0.295579,39
22215,11.078698,2.450682,0.295579,277
22215,11.233115,2.450682,0.295579,392
22215,11.342573,2.450682,0.295579,1539
22215,11.455424,2.450682,0.295579,1209
22227,1.485407,3.441058,-0.265493,64
22227,1.783718,3.441058,-0.265493,40
22227,4.105293,3.441058,-0.265493,823
22227,4.209034,3.441058,-0.265493,428
22227,5.835128,3.441058,-0.265493,3660
22337,1.188599,3.185828,-0.029741,124
22337,1.329679,3.185828,-0.029741,157
22337,1.480041,3.185828,-0.029741,55
22337,1.629067,3.185828,-0.029741,142
22337,1.759505,3.185828,-0.029741,273
22337,1.872257,3.185828,-0.029741,155
22337,2.040310,3.185828,-0.029741,120
22337,2.312544,3.185828,-0.029741,46
22337,2.683276,3.185828,-0.029741,44
22337,2.825241,3.185828,-0.029741,50
22337,3.716118,3.185828,-0.029741,41
22337,3.908344,3.185828,-0.029741,142
22337,4.058814,3.185828,-0.029741,57
22337,4.388112,3.185828,-0.029741,78
22337,4.523480,3.185828,-0.029741,122
22337,4.761880,3.185828,-0.029741,187
22337,5.473963,3.185828,-0.029741,54
22337,5.603521,3.185828,-0.029741,125
22337,5.790538,3.185828,-0.029741,327
22337,5.942505,3.185828,-0.029741,493
22337,6.047753,3.185828,-0.029741,390
22337,6.242028,3.185828,-0.029741,78
22337,6.415007,3.185828,-0.029741,50
22337,6.528140,3.185828,-0.029741,39
22337,6.861542,3.185828,-0.029741,44
22337,7.071653,3.185828,-0.029741,168
22337,7.207082,3.185828,-0.029741,72
22337,7.541475,3.185828,-0.029741,109
22337,7.690693,3.185828,-0.029741,242
22337,7.809856,3.185828,-0.029741,98
22337,7.934418,3.185828,-0.029741,338
22337,8.080098,3.185828,-0.029741,2519
22348,11.636199,2.154559,0.190159,154
22348,12.445392,2.154559,0.190159,129
22348,12.683817,2.154559,0.190159,739
22348,12.762873,2.154559,0.190159,2516
22348,12.847149,2.154559,0.190159,263
22426,5.933633,2.674817,0.176805,27
22522,4.742170,2.333278,0.058510,162
22522,4.880118,2.333278,0.058510,81
22522,5.061960,2.333278,0.058510,44
22522,5.275868,2.333278,0.058510,183
22522,5.459036,2.333278,0.058510,217
22522,5.602906,2.333278,0.058510,58
22522,5.729930,2.333278,0.058510,59
22522,6.230149,2.333278,0.058510,46
22522,6.422681,2.333278,0.058510,62
22522,7.973090,2.333278,0.058510,22
22522,8.966114,2.333278,0.058510,34
22522,10.239442,2.333278,0.058510,46
22531,5.660543,2.008128,0.062009,142
22531,5.782076,2.008128,0.062009,101
22531,5.907347,2.008128,0.062009,53
22531,6.159610,2.008128,0.062009,82
22531,6.673461,2.008128,0.062009,121
22531,6.750949,2.008128,0.062009,97
22531,6.852916,2.008128,0.062009,143
22733,7.000656,3.119959,0.077763,38
22761,9.722183,2.342402,0.236343,64
22761,10.362529,2.342402,0.236343,33
22845,11.257166,1.732818,-0.174492,41
22845,11.429647,1.732818,-0.174492,60
22932,3.135298,2.560464,-0.050911,24
23500,11.990888,1.599694,-0.181995,65
23500,12.354707,1.599694,-0.181995,17
23797,4.799669,2.074683,0.008273,31
23797,5.233478,2.074683,0.008273,135
23930,7.172531,2.983353,0.089433,75
23930,8.252624,2.983353,0.089433,69
23930,8.483032,2.983353,0.089433,78
23930,8.605284,2.983353,0.089433,210
23930,8.730170,2.983353,0.089433,154
23930,8.847595,2.983353,0.089433,238
23930,8.968361,2.983353,0.089433,529
24143,10.123946,0.950393,0.042867,244
24143,10.359050,0.950393,0.042867,133
24143,11.330870,0.950393,0.042867,103
24143,11.660426,0.950393,0.042867,80
24143,11.802674,0.950393,0.042867,32
24143,11.923646,0.950393,0.042867,38
24143,12.108162,0.950393,0.042867,114
24143,12.231277,0.950393,0.042867,33
24143,12.336813,0.950393,0.042867,44
24143,12.491448,0.950393,0.042867,42
24490,12.334845,0.312397,0.039640,69
24490,12.452473,0.312397,0.039640,214
24490,12.633623,0.312397,0.039640,81
24490,12.771875,0.312397,0.039640,207
24490,12.909680,0.312397,0.039640,212
24606,6.902532,2.531576,0.262187,19
24606,7.386444,2.531576,0.262187,27
24606,7.607169,2.531576,0.262187,44
24606,7.752612,2.531576,0.262187,125
24665,1.439954,2.968759,-0.015425,22
24665,2.469821,2.968759,-0.015425,39
24665,2.628706,2.968759,-0.015425,92
24665,4.803146,2.968759,-0.015425,151
24665,5.146630,2.968759,-0.015425,109
24665,6.371308,2.968759,-0.015425,59
24665,6.472486,2.968759,-0.015425,107
24665,6.672593,2.968759,-0.015425,395
24665,6.791165,2.968759,-0.015425,460
24665,6.899290,2.968759,-0.015425,313
24710,6.930246,2.435858,0.168075,11
24710,7.433269,2.435858,0.168075,29
24710,7.907352,2.435858,0.168075,29
24710,8.147070,2.435858,0.168075,51
24710,8.423150,2.435858,0.168075,72
24710,8.556204,2.435858,0.168075,24
24710,8.819897,2.435858,0.168075,45
24748,1.198746,3.321803,-0.023413,242
24748,1.318762,3.321803,-0.023413,207
24748,1.415425,3.321803,-0.023413,161
24748,1.527586,3.321803,-0.023413,45
24748,5.231315,3.321803,-0.023413,167
24748,7.323902,3.321803,-0.023413,67
24748,7.544007,3.321803,-0.023413,479
24892,4.658898,2.453497,0.098663,126
24892,4.797021,2.453497,0.098663,129
24892,4.968232,2.453497,0.098663,101
24892,5.405177,2.453497,0.098663,37
24892,5.724753,2.453497,0.098663,49
24892,5.867532,2.453497,0.098663,45
25160,10.061554,0.824604,0.000547,65
25160,12.526429,0.824604,0.000547,54
25160,12.694488,0.824604,0.000547,86
25160,12.909046,0.824604,0.000547,44
25190,12.036214,1.566546,-0.182046,93
25253,10.141793,2.227092,-0.092724,74
25253,10.236248,2.227092,-0.092724,38
25253,10.393928,2.227092,-0.092724,32
25253,12.230534,2.227092,-0.092724,22
25253,12.356048,2.227092,-0.092724,77
25253,12.520082,2.227092,-0.092724,250
25253,12.648276,2.227092,-0.092724,543
25253,12.764736,2.227092,-0.092724,267
25253,12.821325,2.227092,-0.092724,105
25264,10.006208,2.280269,0.203824,71
25264,10.124735,2.280269,0.203824,67
25264,10.242388,2.280269,0.203824,105
25264,10.750367,2.280269,0.203824,82
25350,1.022345,3.369513,-0.028087,278
25350,1.141500,3.369513,-0.028087,201
25350,1.293044,3.369513,-0.028087,133
25350,7.136866,3.369513,-0.028087,79
25350,7.264724,3.369513,-0.028087,423
25350,7.364788,3.369513,-0.028087,2249
25398,9.000727,2.116689,-0.117608,24
25398,10.599201,2.116689,-0.117608,104
25398,10.824193,2.116689,-0.117608,36
25557,1.902180,3.322907,-0.111726,12
25557,2.172656,3.322907,-0.111726,55
25557,2.291494,3.322907,-0.111726,48
25557,2.463912,3.322907,-0.111726,24
25557,3.051706,3.322907,-0.111726,31
25557,4.243666,3.322907,-0.111726,58
25557,4.596522,3.322907,-0.111726,29
25557,5.746794,3.322907,-0.111726,57
25557,6.610377,3.322907,-0.111726,88
25557,6.743858,3.322907,-0.111726,20
25826,2.871065,2.616828,-0.042427,53
25826,2.972009,2.616828,-0.042427,71
25834,4.060783,2.632465,0.090875,203
25834,4.191112,2.632465,0.090875,190
25834,4.310793,2.632465,0.090875,147
25834,4.477679,2.632465,0.090875,68
25834,4.605730,2.632465,0.090875,23
25834,4.941188,2.632465,0.090875,43
25834,5.066701,2.632465,0.090875,52
25834,5.251826,2.632465,0.090875,39
25834,5.433668,2.632465,0.090875,37
25940,8.739831,2.456987,0.355118,90
25940,9.172240,2.456987,0.355118,115
25940,9.265342,2.456987,0.355118,137
25940,9.773251,2.456987,0.355118,112
25940,9.890008,2.456987,0.355118,114
25940,10.007780,2.456987,0.355118,179
25940,10.106723,2.456987,0.355118,634
25940,10.209678,2.456987,0.355118,303
25940,10.309897,2.456987,0.355118,306
25985,8.842946,1.675512,-0.068719,54
25985,9.317254,1.675512,-0.068719,32
25985,9.883581,1.675512,-0.068719,40
25985,12.391479,1.675512,-0.068719,98
26001,11.979733,2.094457,0.125117,145
26001,12.156169,2.094457,0.125117,48
26001,12.296504,2.094457,0.125117,40
26054,8.995840,1.546893,0.102196,76
26112,1.610961,3.423756,-0.192074,51
26112,1.901491,3.423756,-0.192074,43
26112,2.134578,3.423756,-0.192074,9
26112,2.590660,3.423756,-0.192074,48
26112,3.338865,3.423756,-0.192074,94
26112,3.857693,3.423756,-0.192074,171
26112,3.966357,3.423756,-0.192074,53
26112,4.277110,3.423756,-0.192074,87
26112,4.421974,3.423756,-0.192074,746
26112,4.512299,3.423756,-0.192074,196
26112,5.741869,3.423756,-0.192074,255
26112,6.437523,3.423756,-0.192074,3164
26137,7.080268,1.543225,-0.049531,36
26137,7.864137,1.543225,-0.049531,96
26137,11.450295,1.543225,-0.049531,47
26137,12.711780,1.543225,-0.049531,11
26137,12.911261,1.543225,-0.049531,96
26151,8.035562,1.942358,-0.157193,33
26151,8.892554,1.942358,-0.157193,35
26166,11.052801,0.633577,0.111567,129
26166,11.181730,0.633577,0.111567,13
26166,11.277133,0.633577,0.111567,30
26166,11.448978,0.633577,0.111567,193
26166,11.618033,0.633577,0.111567,193
26166,11.910922,0.633577,0.111567,118
26166,12.040157,0.633577,0.111567,104
26382,1.388852,3.392328,-0.119689,44
26382,1.694808,3.392328,-0.119689,36
26382,2.968059,3.392328,-0.119689,140
26382,3.100452,3.392328,-0.119689,51
26382,3.220050,3.392328,-0.119689,59
26382,3.634923,3.392328,-0.119689,191
26382,3.774476,3.392328,-0.119689,90
26382,3.887880,3.392328,-0.119689,123
26382,4.652894,3.392328,-0.119689,335
26382,4.762247,3.392328,-0.119689,235
26382,5.630782,3.392328,-0.119689,77
26382,6.725011,3.392328,-0.119689,330
26390,6.984376,3.124454,0.059362,73
26390,8.520299,3.124454,0.059362,246
26647,6.018727,1.845816,0.021952,106
26647,6.216824,1.845816,0.021952,115
26647,6.402888,1.845816,0.021952,198
26647,6.550628,1.845816,0.021952,92
26647,6.671470,1.845816,0.021952,146
26647,6.805742,1.845816,0.021952,72
26647,7.020373,1.845816,0.021952,87
26647,7.157058,1.845816,0.021952,179
26647,7.313856,1.845816,0.021952,141
26717,11.949414,2.120143,0.114102,107
26717,12.410021,2.120143,0.114102,53
26717,12.522436,2.120143,0.114102,56
26717,12.958760,2.120143,0.114102,581
26761,8.936539,2.416181,0.323368,49
26761,9.139136,2.416181,0.323368,40
26761,9.348188,2.416181,0.323368,186
26761,9.563328,2.416181,0.323368,30
26761,9.973895,2.416181,0.323368,109
26761,10.119562,2.416181,0.323368,95
26761,10.233099,2.416181,0.323368,459
26761,10.341475,2.416181,0.323368,851
26761,10.444219,2.416181,0.323368,189
26761,10.572959,2.416181,0.323368,357
26761,10.705973,2.416181,0.323368,117
26761,10.932437,2.416181,0.323368,50
26761,11.051621,2.416181,0.323368,31
26761,11.178714,2.416181,0.323368,62
26761,11.310773,2.416181,0.323368,342
26761,11.442725,2.416181,0.323368,425
26761,11.533145,2.416181,0.323368,1471
26761,11.599342,2.416181,0.323368,1143
27011,11.339348,0.569096,0.116589,116
27011,11.693229,0.569096,0.116589,170
27011,11.887655,0.569096,0.116589,172
27011,12.064411,0.569096,0.116589,85
27011,12.178717,0.569096,0.116589,97
27011,12.299279,0.569096,0.116589,83
27162,1.164518,3.084628,-0.038594,112
27162,1.340001,3.084628,-0.038594,141
27162,1.859796,3.084628,-0.038594,52
27162,2.130879,3.084628,-0.038594,109
27162,4.525430,3.084628,-0.038594,71
27162,4.727257,3.084628,-0.038594,86
27162,5.341760,3.084628,-0.038594,139
27162,5.454709,3.084628,-0.038594,87
27162,5.829785,3.084628,-0.038594,50
27162,6.014302,3.084628,-0.038594,65
27162,6.247147,3.084628,-0.038594,249
27162,6.382345,3.084628,-0.038594,563
27213,9.254155,2.462634,0.335440,72
27213,9.849180,2.462634,0.335440,148
27213,9.997336,2.462634,0.335440,111
27213,10.121327,2.462634,0.335440,1157
27213,10.256579,2.462634,0.335440,207
27213,10.376178,2.462634,0.335440,375
27213,10.474843,2.462634,0.335440,117
27213,10.595575,2.462634,0.335440,76
27270,5.790914,1.842337,0.023926,31
27270,6.072019,1.842337,0.023926,110
27270,6.196018,1.842337,0.023926,139
27270,6.357085,1.842337,0.023926,158
27270,6.605501,1.842337,0.023926,111
27270,6.722874,1.842337,0.023926,158
27270,7.001903,1.842337,0.023926,87
27270,7.131724,1.842337,0.023926,153
27270,7.261240,1.842337,0.023926,148
27328,1.110362,3.498407,-0.354678,49
27328,4.003235,3.498407,-0.354678,4210
27341,11.898727,0.442563,0.080948,194
27341,12.067070,0.442563,0.080948,51
27341,12.206054,0.442563,0.080948,227
27341,12.357112,0.442563,0.080948,214
27341,12.496821,0.442563,0.080948,97
27341,12.623047,0.442563,0.080948,81
27341,12.776060,0.442563,0.080948,102
27341,12.917925,0.442563,0.080948,99
27346,5.952624,3.371314,-0.206406,158
27346,6.118524,3.371314,-0.206406,192
27346,6.401451,3.371314,-0.206406,262
27352,6.456523,2.746529,0.241303,79
27352,10.109386,2.746529,0.241303,720
27352,10.221496,2.746529,0.241303,2257
27377,12.526962,1.433257,-0.184412,87
27377,12.670859,1.433257,-0.184412,56
27377,12.779487,1.433257,-0.184412,30
27534,1.722428,2.862568,0.039464,49
27534,1.917984,2.862568,0.039464,33
27534,2.036660,2.862568,0.039464,117
27534,2.147182,2.862568,0.039464,48
27534,2.273039,2.862568,0.039464,45
27534,2.514768,2.862568,0.039464,118
27534,2.654470,2.862568,0.039464,154
27534,2.834851,2.862568,0.039464,54
27534,2.948181,2.862568,0.039464,123
27534,3.109693,2.862568,0.039464,160
27534,3.645364,2.862568,0.039464,18
27534,3.897916,2.862568,0.039464,19
27534,4.234463,2.862568,0.039464,41
27534,4.481118,2.862568,0.039464,40
27534,4.650470,2.862568,0.039464,37
27534,4.989305,2.862568,0.039464,33
27534,5.139669,2.862568,0.039464,34
27534,6.905502,2.862568,0.039464,85
27534,7.203681,2.862568,0.039464,343
27604,8.869634,1.109757,-0.035468,33
27854,12.931209,1.010986,0.224163,25
28001,4.282409,2.179398,0.007432,20
28001,4.724202,2.179398,0.007432,109
28001,4.832368,2.179398,0.007432,137
28001,4.983681,2.179398,0.007432,170
28001,5.194729,2.179398,0.007432,25
28001,6.775781,2.179398,0.007432,37
28001,7.047784,2.179398,0.007432,54
28001,7.369169,2.179398,0.007432,29
28001,9.100646,2.179398,0.007432,22
28001,9.224925,2.179398,0.007432,30
28001,9.440258,2.179398,0.007432,54
28001,12.076811,2.179398,0.007432,253
28001,12.204338,2.179398,0.007432,566
28001,12.328862,2.179398,0.007432,371
28001,12.549475,2.179398,0.007432,73
28050,11.791122,2.143601,0.147938,169
28050,12.448699,2.143601,0.147938,305
28050,12.595776,2.143601,0.147938,175
28050,12.804906,2.143601,0.147938,588
28050,12.899763,2.143601,0.147938,807
28050,12.980612,2.143601,0.147938,345
28071,8.105735,1.266410,0.009375,18
28071,8.259002,1.266410,0.009375,54
28071,8.447557,1.266410,0.009375,127
28071,8.562066,1.266410,0.009375,130
28071,8.701828,1.266410,0.009375,47
28071,8.815479,1.266410,0.009375,245
28071,8.951084,1.266410,0.009375,94
28071,9.074837,1.266410,0.009375,166
28071,9.189035,1.266410,0.009375,85
28071,9.317272,1.266410,0.009375,60
28098,8.604861,1.193217,-0.021887,39
28230,6.081215,1.824837,0.009017,47
28230,6.178023,1.824837,0.009017,96
28230,6.279397,1.824837,0.009017,76
28230,6.363378,1.824837,0.009017,67
28230,6.445486,1.824837,0.009017,151
28230,6.583251,1.824837,0.009017,118
28230,6.722303,1.824837,0.009017,147
28230,6.839138,1.824837,0.009017,117
28230,7.259987,1.824837,0.009017,155
28230,7.414471,1.824837,0.009017,135
28293,8.887697,1.083913,-0.022164,31
28293,9.040434,1.083913,-0.022164,45
28356,10.580931,0.864628,0.086352,100
28356,10.697116,0.864628,0.086352,184
28356,10.889213,0.864628,0.086352,81
28356,11.004390,0.864628,0.086352,96
28356,11.128092,0.864628,0.086352,91
28356,11.373217,0.864628,0.086352,35
28448,1.265895,3.478756,-0.276383,42
28448,1.566378,3.478756,-0.276383,27
28448,3.875264,3.478756,-0.276383,352
28448,4.181812,3.478756,-0.276383,456
28565,7.905401,1.871338,-0.136542,98
28565,8.184841,1.871338,-0.136542,87
28565,8.358174,1.871338,-0.136542,28
28565,8.773055,1.871338,-0.136542,27
28565,9.262612,1.871338,-0.136542,23
28565,10.713208,1.871338,-0.136542,41
28565,10.819021,1.871338,-0.136542,88
28616,11.880569,2.108152,0.270897,123
28616,12.079756,2.108152,0.270897,130
28737,12.011811,2.198691,0.348386,51
28788,4.412489,2.188215,-0.023434,43
28788,12.131614,2.188215,-0.023434,114
28788,12.249778,2.188215,-0.023434,303
28788,12.356481,2.188215,-0.023434,442
28788,12.477265,2.188215,-0.023434,322
28825,5.083716,2.034072,0.000209,40
28825,7.244798,2.034072,0.000209,19
28936,7.897054,2.839061,0.283473,30
28986,1.023985,3.379830,-0.025543,268
28986,1.158380,3.379830,-0.025543,166
28986,7.336588,3.379830,-0.025543,2173
29011,1.037183,3.197282,-0.037304,54
29011,1.155094,3.197282,-0.037304,146
29011,1.362700,3.197282,-0.037304,119
29011,1.546703,3.197282,-0.037304,80
29011,1.647732,3.197282,-0.037304,173
29011,1.781427,3.197282,-0.037304,282
29011,1.911816,3.197282,-0.037304,154
29011,2.667574,3.197282,-0.037304,44
29011,2.784804,3.197282,-0.037304,54
29011,3.445323,3.197282,-0.037304,31
29011,3.684607,3.197282,-0.037304,55
29011,3.913288,3.197282,-0.037304,48
29011,4.081601,3.197282,-0.037304,66
29011,4.297558,3.197282,-0.037304,86
29011,4.420982,3.197282,-0.037304,106
29011,4.770351,3.197282,-0.037304,149
29011,5.519546,3.197282,-0.037304,115
29011,5.647522,3.197282,-0.037304,54
29011,5.817392,3.197282,-0.037304,270
29011,5.930527,3.197282,-0.037304,694
29011,6.059893,3.197282,-0.037304,200
29011,6.180070,3.197282,-0.037304,94
29011,6.394785,3.197282,-0.037304,48
29011,6.766845,3.197282,-0.037304,45
29011,6.956016,3.197282,-0.037304,160
29011,7.104061,3.197282,-0.037304,106
29011,7.525023,3.197282,-0.037304,171
29011,7.650526,3.197282,-0.037304,240
29011,7.844045,3.197282,-0.037304,204
29011,7.958844,3.197282,-0.037304,449
29011,8.032449,3.197282,-0.037304,2436
29033,4.877629,2.346838,0.081792,76
29033,5.132808,2.346838,0.081792,185
29033,5.264807,2.346838,0.081792,170
29033,5.383368,2.346838,0.081792,106
29033,5.713935,2.346838,0.081792,37
29033,6.253663,2.346838,0.081792,47
29033,6.378681,2.346838,0.081792,55
29033,7.536119,2.346838,0.081792,22
29033,8.579245,2.346838,0.081792,46
29033,8.882261,2.346838,0.081792,20
29033,10.034305,2.346838,0.081792,89
29079,7.709664,1.925999,-0.092951,54
29079,9.829247,1.925999,-0.092951,34
29079,9.963623,1.925999,-0.092951,39
29079,10.273469,1.925999,-0.092951,27
29079,10.430212,1.925999,-0.092951,44
29079,10.552045,1.925999,-0.092951,83
29079,11.473723,1.925999,-0.092951,58
29079,11.673967,1.925999,-0.092951,30
29079,12.149612,1.925999,-0.092951,38
29146,7.621682,2.556481,0.294061,223
29146,10.731835,2.556481,0.294061,297
29146,10.873734,2.556481,0.294061,556
29146,10.960886,2.556481,0.294061,1883
29146,11.057491,2.556481,0.294061,599
29197,11.004379,1.237337,0.134743,44
29221,4.178424,3.421248,-0.266139,512
29221,6.111909,3.421248,-0.266139,3586
29444,4.956144,3.177886,-0.104050,124
29477,3.101998,2.547152,-0.046023,42
29491,3.923941,2.305759,-0.034537,43
29491,8.171597,2.305759,-0.034537,12
29491,9.677849,2.305759,-0.034537,33
29491,10.382291,2.305759,-0.034537,22
29491,10.494891,2.305759,-0.034537,52
29491,10.698333,2.305759,-0.034537,27
29491,11.371011,2.305759,-0.034537,45
29581,9.770143,2.315519,-0.069727,144
29581,10.291509,2.315519,-0.069727,39
29602,11.498906,1.679244,-0.167928,69
29602,11.664001,1.679244,-0.167928,71
29602,11.987421,1.679244,-0.167928,23
29630,5.960498,3.382304,-0.232928,328
29630,6.286413,3.382304,-0.232928,392
29701,5.951809,2.835999,0.138833,212
29701,6.059569,2.835999,0.138833,120
29701,6.212626,2.835999,0.138833,72
29701,6.397784,2.835999,0.138833,63
29701,6.497658,2.835999,0.138833,256
29701,6.613591,2.835999,0.138833,131
29701,7.323402,2.835999,0.138833,92
29701,7.511541,2.835999,0.138833,186
29701,7.637902,2.835999,0.138833,1282
29701,8.123116,2.835999,0.138833,39
29701,8.215103,2.835999,0.138833,51
29717,2.759284,2.662148,-0.009590,88
29717,2.885728,2.662148,-0.009590,134
29717,3.010653,2.662148,-0.009590,142
29717,3.145350,2.662148,-0.009590,51
29717,3.228317,2.662148,-0.009590,15
29779,8.242506,1.769767,-0.102530,53
29779,8.643034,1.769767,-0.102530,73
29779,8.902416,1.769767,-0.102530,41
29779,9.336849,1.769767,-0.102530,19
29779,10.525542,1.769767,-0.102530,39
29779,10.638578,1.769767,-0.102530,40
29779,11.523841,1.769767,-0.102530,20
29779,11.984363,1.769767,-0.102530,36
29779,12.070761,1.769767,-0.102530,54
29800,7.919448,1.922579,-0.143530,94
29800,8.092586,1.922579,-0.143530,38
29800,8.270044,1.922579,-0.143530,41
29800,8.499859,1.922579,-0.143530,24
29800,8.690102,1.922579,-0.143530,36
29800,8.822451,1.922579,-0.143530,24
29915,6.925432,2.713737,0.341577,222
29915,7.133989,2.713737,0.341577,104
29915,7.433695,2.713737,0.341577,221
29915,9.301092,2.713737,0.341577,166
30047,4.749687,3.521192,-0.160630,124
30047,5.302512,3.521192,-0.160630,4113
30133,1.819221,3.530243,-0.265562,25
30133,2.131987,3.530243,-0.265562,156
30133,2.420559,3.530243,-0.265562,118
30133,2.602169,3.530243,-0.265562,61
30133,2.745368,3.530243,-0.265562,77
30133,2.870837,3.530243,-0.265562,204
30133,3.045653,3.530243,-0.265562,188
30133,3.215334,3.530243,-0.265562,53
30133,3.365258,3.530243,-0.265562,161
30133,3.485228,3.530243,-0.265562,66
30133,3.616148,3.530243,-0.265562,57
30133,4.346669,3.530243,-0.265562,4284
30412,1.202774,3.529314,-0.377457,41
30412,3.869751,3.529314,-0.377457,561
30853,4.521817,3.549366,-0.233215,4140
31893,1.047027,3.517861,-0.250066,22
31893,1.889130,3.517861,-0.250066,23
31893,2.086231,3.517861,-0.250066,43
31893,2.219239,3.517861,-0.250066,144
31893,2.324773,3.517861,-0.250066,64
31893,2.552153,3.517861,-0.250066,106
31893,2.786973,3.517861,-0.250066,63
31893,2.925512,3.517861,-0.250066,195
31893,3.086266,3.517861,-0.250066,161
31893,3.399110,3.517861,-0.250066,176
31893,4.370775,3.517861,-0.250066,454
31893,4.395384,3.517861,-0.250066,3648
32313,4.993416,3.554477,-0.112713,124
32313,5.076894,3.554477,-0.112713,3537
32313,5.132564,3.554477,-0.112713,85
32392,1.781763,3.582134,-0.281995,14
32392,2.038050,3.582134,-0.281995,92
32392,2.673719,3.582134,-0.281995,126
32392,3.186874,3.582134,-0.281995,140
32392,3.300922,3.582134,-0.281995,63
32392,3.431926,3.582134,-0.281995,97
32441,4.907917,3.561629,-0.136509,192
32441,5.166672,3.561629,-0.136509,3948
32454,1.981314,3.593527,-0.359164,114
32454,2.201588,3.593527,-0.359164,50
32454,3.574405,3.593527,-0.359164,4692
32462,1.946902,3.591258,-0.401344,68
32475,1.873297,3.566324,-0.312475,81
32475,2.061356,3.566324,-0.312475,32
32475,2.213846,3.566324,-0.312475,106
32475,2.348416,3.566324,-0.312475,63
32475,2.615503,3.566324,-0.312475,203
32475,2.808922,3.566324,-0.312475,175
32475,3.099260,3.566324,-0.312475,58
32475,3.490621,3.566324,-0.312475,1208
32475,3.602061,3.566324,-0.312475,126
32490,4.981844,3.582116,-0.121224,4173
33721,4.929595,3.602465,-0.143162,507
36751,3.082722,3.653480,-0.313628,107
36751,3.210944,3.653480,-0.313628,376
38529,1.469075,3.609185,-0.341834,26
38529,1.701964,3.609185,-0.341834,150
38529,2.328037,3.609185,-0.341834,65
38529,2.453593,3.609185,-0.341834,169
38529,2.597580,3.609185,-0.341834,191
38529,2.829852,3.609185,-0.341834,82
38529,2.923012,3.609185,-0.341834,116
38529,3.355686,3.609185,-0.341834,1172
38529,3.573129,3.609185,-0.341834,4630
38950,1.458733,3.663773,-0.371959,158
38950,1.579400,3.663773,-0.371959,58
38950,2.165796,3.663773,-0.371959,203
38950,2.351267,3.663773,-0.371959,165
38950,2.512625,3.663773,-0.371959,40
38950,2.671572,3.663773,-0.371959,182
38950,2.828247,3.663773,-0.371959,48
38950,3.367284,3.663773,-0.371959,4614
39578,1.088300,3.717615,-0.441503,74
39578,1.208271,3.717615,-0.441503,96
39578,1.362018,3.717615,-0.441503,104
39578,1.735987,3.717615,-0.441503,158
39578,2.076779,3.717615,-0.441503,101
39578,2.250411,3.717615,-0.441503,119
39578,2.374243,3.717615,-0.441503,94
39578,2.491959,3.717615,-0.441503,263
39578,2.582362,3.717615,-0.441503,1195
39649,1.301081,3.722922,-0.471519,147
39649,1.452821,3.722922,-0.471519,45
39649,1.595368,3.722922,-0.471519,87
39649,1.712172,3.722922,-0.471519,164
39649,2.149531,3.722922,-0.471519,101
39649,2.251845,3.722922,-0.471519,152
39649,2.410427,3.722922,-0.471519,995
39649,2.498945,3.722922,-0.471519,423
40015,2.856928,3.750647,-0.391845,4656
40038,1.181253,3.745825,-0.491621,140
40038,1.505013,3.745825,-0.491621,156
40038,1.661067,3.745825,-0.491621,95
40038,1.848885,3.745825,-0.491621,71
40038,2.056755,3.745825,-0.491621,194
40038,2.178822,3.745825,-0.491621,95
40038,2.323391,3.745825,-0.491621,1419
40038,2.492327,3.745825,-0.491621,4603
40064,1.051231,3.745060,-0.443205,137
40064,1.242298,3.745060,-0.443205,20
40064,1.765964,3.745060,-0.443205,94
40064,1.919606,3.745060,-0.443205,150
40064,2.515425,3.745060,-0.443205,1403
40064,2.698271,3.745060,-0.443205,4580
40182,3.002203,3.751451,-0.364828,4631
40257,1.082955,3.803605,-0.588875,148
40257,1.288847,3.803605,-0.588875,153
40257,1.406985,3.803605,-0.588875,70
40257,1.779697,3.803605,-0.588875,331
40257,1.883103,3.803605,-0.588875,1248
40385,1.319505,3.764564,-0.544669,188
40385,1.439571,3.764564,-0.544669,99
40385,2.021676,3.764564,-0.544669,268
40385,2.130566,3.764564,-0.544669,1288
40385,2.242729,3.764564,-0.544669,4650
40586,1.342219,3.761607,-0.556449,158
40586,1.650322,3.761607,-0.556449,28
40586,2.034523,3.761607,-0.556449,1285
40586,2.145660,3.761607,-0.556449,215
40586,2.275678,3.761607,-0.556449,4486
40989,1.329735,3.791524,-0.487576,17
41168,1.551932,3.867644,-0.576538,89
43023,1.212264,3.910364,-0.628068,193
43023,1.385490,3.910364,-0.628068,1696
43131,1.018107,3.924864,-0.659500,69
43131,1.202067,3.924864,-0.659500,129
43131,1.308318,3.924864,-0.659500,2840
43131,1.405814,3.924864,-0.659500,3162
43334,1.061880,3.952350,-0.662254,172
43334,1.171498,3.952350,-0.662254,1914
43334,1.301402,3.952350,-0.662254,4210
43395,1.133856,3.942927,-0.640628,181
43395,1.246178,3.942927,-0.640628,1649
43395,1.342500,3.942927,-0.640628,3406
43580,1.001356,4.004235,-0.675548,5910
43766,1.004057,4.014713,-0.685023,4428
