166,3.350442,2.453997,-0.007909,1
166,3.708808,2.453997,-0.007909,1
166,6.384268,2.453997,-0.007909,1
166,7.317153,2.453997,-0.007909,1
166,7.593356,2.453997,-0.007909,1
166,7.710791,2.453997,-0.007909,1
166,8.187605,2.453997,-0.007909,1
166,8.693209,2.453997,-0.007909,1
166,8.898405,2.453997,-0.007909,1
166,9.016747,2.453997,-0.007909,1
166,9.616822,2.453997,-0.007909,1
497,4.666069,3.424596,-0.818647,1
497,4.783253,3.424596,-0.818647,1
497,5.934314,3.424596,-0.818647,1
497,6.192969,3.424596,-0.818647,1
497,6.397082,3.424596,-0.818647,1
497,8.450857,3.424596,-0.818647,1
497,8.673813,3.424596,-0.818647,1
497,12.772116,3.424596,-0.818647,1
497,12.990687,3.424596,-0.818647,1
767,11.379048,3.302883,-0.584189,1
767,11.523785,3.302883,-0.584189,1
767,12.162425,3.302883,-0.584189,1
767,12.415962,3.302883,-0.584189,1
1631,7.658529,1.368068,-0.021938,1
1631,10.362914,1.368068,-0.021938,1
1631,10.472330,1.368068,-0.021938,1
1631,10.693175,1.368068,-0.021938,1
1631,11.383981,1.368068,-0.021938,1
1631,11.499837,1.368068,-0.021938,1
1631,11.878404,1.368068,-0.021938,1
1631,12.384619,1.368068,-0.021938,1
1665,1.446951,3.191633,-0.256509,2
1665,4.780956,3.191633,-0.256509,1
1665,5.145527,3.191633,-0.256509,1
1665,5.615753,3.191633,-0.256509,1
1665,5.814462,3.191633,-0.256509,1
1665,6.118134,3.191633,-0.256509,1
1665,7.262640,3.191633,-0.256509,1
1665,7.621553,3.191633,-0.256509,1
1665,8.889188,3.191633,-0.256509,1
1665,10.400163,3.191633,-0.256509,1
1665,10.565216,3.191633,-0.256509,1
1665,10.771051,3.191633,-0.256509,1
1665,11.095725,3.191633,-0.256509,1
1665,11.511728,3.191633,-0.256509,1
2888,3.091476,2.532785,-0.015628,1
2888,3.391759,2.532785,-0.015628,1
2888,5.948019,2.532785,-0.015628,1
2888,6.958960,2.532785,-0.015628,1
2888,7.115740,2.532785,-0.015628,1
2888,8.215018,2.532785,-0.015628,1
2888,8.452655,2.532785,-0.015628,1
2888,8.677801,2.532785,-0.015628,1
2888,9.349660,2.532785,-0.015628,1
2888,9.495501,2.532785,-0.015628,1
2888,12.940115,2.532785,-0.015628,1
3393,7.948659,1.638595,0.028853,1
3393,8.283301,1.638595,0.028853,1
3393,8.732243,1.638595,0.028853,1
3393,11.858246,1.638595,0.028853,1
3393,12.069280,1.638595,0.028853,1
3393,12.988969,1.638595,0.028853,1
9506,12.976370,3.189084,-0.489673,1
9568,9.267837,2.274855,-0.041730,2
9568,9.749802,2.274855,-0.041730,1
9568,10.839108,2.274855,-0.041730,1
9568,11.649745,2.274855,-0.041730,1
12872,6.902890,1.798757,-0.022507,1
12872,9.972934,1.798757,-0.022507,2
12872,12.315894,1.798757,-0.022507,1
13246,10.471331,1.087254,0.010336,1
13246,10.672261,1.087254,0.010336,1
13246,11.359912,1.087254,0.010336,1
14527,12.374575,0.460520,0.027579,1
14808,9.033143,1.028022,-0.017734,1
14808,9.572867,1.028022,-0.017734,1
14808,11.237276,1.028022,-0.017734,1
14808,11.453821,1.028022,-0.017734,1
14808,12.386275,1.028022,-0.017734,1
15155,5.223544,2.205651,0.036704,1
15155,5.713643,2.205651,0.036704,1
15155,6.380044,2.205651,0.036704,1
15155,7.741356,2.205651,0.036704,1
15155,12.241892,2.205651,0.036704,1
15155,12.431994,2.205651,0.036704,1
15517,4.075121,2.231220,0.003758,1
15517,6.186457,2.231220,0.003758,1
15517,8.280215,2.231220,0.003758,1
15517,12.131019,2.231220,0.003758,1
15517,12.429779,2.231220,0.003758,1
16482,9.733621,1.704059,-0.019083,1
16482,9.906397,1.704059,-0.019083,1
16482,10.357027,1.704059,-0.019083,2
16482,12.064472,1.704059,-0.019083,1
16482,12.915812,1.704059,-0.019083,1
19101,8.712893,1.128007,-0.002250,1
19101,10.183999,1.128007,-0.002250,1
19101,10.519700,1.128007,-0.002250,1
19718,8.953213,1.062044,-0.021191,1
19718,9.477272,1.062044,-0.021191,1
19718,11.075062,1.062044,-0.021191,1
19718,11.282047,1.062044,-0.021191,1
20327,12.441055,2.531684,-0.127447,1
21028,10.283494,2.475269,-0.049911,1
21028,11.280135,2.475269,-0.049911,1
21028,11.903223,2.475269,-0.049911,1
22267,1.937356,3.316763,-0.533007,1
22267,2.652732,3.316763,-0.533007,1
22267,3.181626,3.316763,-0.533007,1
22267,3.508748,3.316763,-0.533007,1
22267,3.701909,3.316763,-0.533007,1
22267,4.616378,3.316763,-0.533007,1
22267,5.764330,3.316763,-0.533007,1
22267,10.663408,3.316763,-0.533007,1
22267,10.928191,3.316763,-0.533007,1
26599,6.289379,3.217940,-0.366827,1
26599,9.206094,3.217940,-0.366827,1
26599,12.313817,3.217940,-0.366827,1
27284,2.797375,2.965981,-0.160862,1
27284,4.400474,2.965981,-0.160862,1
27284,4.586512,2.965981,-0.160862,1
27284,4.951835,2.965981,-0.160862,1
27284,7.543133,2.965981,-0.160862,1
27284,9.182734,2.965981,-0.160862,1
27284,9.540826,2.965981,-0.160862,1
27284,10.027888,2.965981,-0.160862,1
27284,11.275302,2.965981,-0.160862,1
27284,11.912563,2.965981,-0.160862,2
27400,9.657552,3.052906,-0.217950,1
27449,11.948054,2.882300,-0.163981,1
28523,6.027187,1.839676,-0.021045,1
28523,6.179221,1.839676,-0.021045,1
28523,6.478757,1.839676,-0.021045,1
28523,6.838549,1.839676,-0.021045,1
28523,7.171886,1.839676,-0.021045,1
28523,8.371236,1.839676,-0.021045,1
28523,8.946600,1.839676,-0.021045,1
28523,11.109807,1.839676,-0.021045,1
28523,11.893713,1.839676,-0.021045,1
28523,12.107995,1.839676,-0.021045,1
28523,12.302948,1.839676,-0.021045,1
28985,1.018730,3.222760,-0.246288,1
28985,1.122328,3.222760,-0.246288,1
28985,2.680746,3.222760,-0.246288,1
28985,4.111165,3.222760,-0.246288,1
34094,1.583218,3.576713,-1.069058,1
34094,2.373249,3.576713,-1.069058,1
34094,2.943596,3.576713,-1.069058,1
34094,3.912641,3.576713,-1.069058,1
34094,4.527919,3.576713,-1.069058,1
34094,6.366314,3.576713,-1.069058,1
34094,6.675901,3.576713,-1.069058,1
34280,2.200238,3.545556,-0.977742,1
34280,2.600817,3.545556,-0.977742,2
34280,2.793540,3.545556,-0.977742,1
34280,3.979954,3.545556,-0.977742,1
34280,4.116949,3.545556,-0.977742,1
34280,5.090252,3.545556,-0.977742,1
34280,5.404959,3.545556,-0.977742,1
34280,5.592584,3.545556,-0.977742,1
34280,6.445577,3.545556,-0.977742,1
34280,7.431741,3.545556,-0.977742,1
34280,7.774755,3.545556,-0.977742,1
44757,2.106215,3.598018,-1.456671,1
47868,1.273551,2.634444,-2.252886,1
49136,1.226424,2.415790,-2.354631,1
49159,9.495640,2.501388,-2.281833,1
49159,10.281474,2.501388,-2.281833,1
49159,10.572145,2.501388,-2.281833,1
49159,10.863974,2.501388,-2.281833,1
49445,10.395036,2.063723,-2.220802,1
49445,12.098000,2.063723,-2.220802,1
49452,3.521330,3.701979,-1.318212,1
49452,4.867529,3.701979,-1.318212,1
49452,4.983059,3.701979,-1.318212,1
49452,5.171185,3.701979,-1.318212,1
49452,5.292297,3.701979,-1.318212,1
49612,3.274428,3.697497,-1.320039,1
49612,3.401135,3.697497,-1.320039,1
49612,3.860819,3.697497,-1.320039,1
49612,5.026039,3.697497,-1.320039,1
49612,5.218102,3.697497,-1.320039,2
50621,12.201715,2.090992,-2.201508,1
51506,11.034986,1.797654,-2.278677,1
51506,11.571663,1.797654,-2.278677,1
51506,11.786316,1.797654,-2.278677,1
51911,2.728975,2.848235,-2.251996,1
51911,2.898460,2.848235,-2.251996,1
51911,11.867860,2.848235,-2.251996,1
52222,3.926292,2.625255,-2.346838,1
52222,5.135531,2.625255,-2.346838,1
52222,5.730776,2.625255,-2.346838,1
52222,6.222440,2.625255,-2.346838,1
52222,6.538393,2.625255,-2.346838,1
52222,7.399429,2.625255,-2.346838,1
52222,8.058367,2.625255,-2.346838,1
52222,8.636829,2.625255,-2.346838,1
52222,8.997504,2.625255,-2.346838,1
52222,9.856750,2.625255,-2.346838,1
52222,10.486417,2.625255,-2.346838,1
52252,1.341538,2.494408,-2.382523,1
52252,1.464302,2.494408,-2.382523,1
52443,1.499396,2.986693,-2.195867,1
52443,3.246906,2.986693,-2.195867,1
52554,1.178009,3.022502,-2.234279,1
52554,1.725766,3.022502,-2.234279,1
52554,1.913309,3.022502,-2.234279,1
52554,2.274507,3.022502,-2.234279,1
52554,4.208374,3.022502,-2.234279,1
52554,4.377336,3.022502,-2.234279,1
52554,4.517441,3.022502,-2.234279,1
52755,2.292155,3.629203,-1.530140,1
52825,1.002923,3.353646,-1.952575,1
52825,4.808813,3.353646,-1.952575,1
52967,1.400452,3.131686,-2.156484,1
52967,1.556089,3.131686,-2.156484,1
52967,2.172237,3.131686,-2.156484,1
52967,2.285828,3.131686,-2.156484,1
52967,2.519398,3.131686,-2.156484,1
52967,4.112244,3.131686,-2.156484,2
52967,4.324124,3.131686,-2.156484,1
52967,4.982676,3.131686,-2.156484,1
53031,1.739253,3.455665,-1.822697,1
53031,2.194973,3.455665,-1.822697,1
53126,2.388308,2.236828,-2.367883,1
53291,1.154747,2.255173,-2.378434,1
53291,2.389362,2.255173,-2.378434,1
53291,2.557695,2.255173,-2.378434,1
53310,2.775473,2.263759,-2.348337,1
53310,2.924978,2.263759,-2.348337,2
53310,3.640988,2.263759,-2.348337,1
53482,3.870879,3.804460,-1.528470,2
53482,4.058255,3.804460,-1.528470,1
53482,4.744619,3.804460,-1.528470,2
53482,5.424346,3.804460,-1.528470,1
53482,5.579127,3.804460,-1.528470,1
53482,6.403677,3.804460,-1.528470,1
53482,10.000922,3.804460,-1.528470,1
53482,12.229466,3.804460,-1.528470,1
53486,2.352657,3.654066,-1.619880,2
53486,2.469905,3.654066,-1.619880,1
53545,6.138654,3.825776,-1.533234,1
53545,6.418701,3.825776,-1.533234,1
53545,6.629637,3.825776,-1.533234,1
53545,7.258784,3.825776,-1.533234,1
53545,7.468022,3.825776,-1.533234,1
53545,8.512050,3.825776,-1.533234,2
53545,9.667700,3.825776,-1.533234,2
53545,10.844538,3.825776,-1.533234,1
53773,2.641853,3.690919,-1.630316,1
53773,3.175685,3.690919,-1.630316,2
53773,11.802383,3.690919,-1.630316,1
53773,12.927425,3.690919,-1.630316,1
53887,1.747768,3.593443,-1.695811,1
53887,2.005131,3.593443,-1.695811,3
53887,3.034704,3.593443,-1.695811,1
53887,4.980933,3.593443,-1.695811,1
54148,2.187315,2.679226,-2.318637,1
54148,3.178284,2.679226,-2.318637,1
54148,4.027372,2.679226,-2.318637,1
54148,4.408768,2.679226,-2.318637,1
54148,11.683063,2.679226,-2.318637,1
54310,1.008129,2.690982,-2.335113,1
54310,2.021451,2.690982,-2.335113,1
54310,2.206163,2.690982,-2.335113,2
54310,2.954044,2.690982,-2.335113,2
54310,3.699041,2.690982,-2.335113,1
54310,4.046628,2.690982,-2.335113,1
54310,4.333858,2.690982,-2.335113,1
54310,7.268398,2.690982,-2.335113,1
54310,9.674238,2.690982,-2.335113,1
54310,9.833817,2.690982,-2.335113,1
54310,10.794316,2.690982,-2.335113,1
54310,10.912430,2.690982,-2.335113,1
54531,1.632914,3.565573,-1.780528,2
54531,3.347653,3.565573,-1.780528,1
54531,4.637006,3.565573,-1.780528,1
54531,4.857898,3.565573,-1.780528,1
54531,12.498129,3.565573,-1.780528,1
54573,1.946497,3.560306,-1.780767,1
54573,4.401925,3.560306,-1.780767,1
54573,4.875856,3.560306,-1.780767,1
54573,12.976482,3.560306,-1.780767,1
54642,2.108809,3.523205,-1.763088,1
54642,2.379142,3.523205,-1.763088,2
54642,2.563223,3.523205,-1.763088,2
54642,2.690979,3.523205,-1.763088,1
54642,2.889724,3.523205,-1.763088,1
55043,6.863323,3.786888,-1.725075,1
55111,1.360421,3.530526,-1.834492,2
55111,3.444453,3.530526,-1.834492,1
55111,3.749620,3.530526,-1.834492,1
55111,5.160805,3.530526,-1.834492,1
55111,5.343944,3.530526,-1.834492,1
55111,5.465771,3.530526,-1.834492,1
55111,5.594281,3.530526,-1.834492,1
55388,1.014871,1.541273,-2.304211,1
55388,12.240723,1.541273,-2.304211,1
55399,6.743836,3.596696,-1.868190,1
55707,7.456431,3.632561,-1.919136,1
55707,8.266888,3.632561,-1.919136,1
55707,9.454944,3.632561,-1.919136,1
56015,1.157264,3.366724,-2.037236,1
56015,5.811138,3.366724,-2.037236,1
56036,1.318606,3.344123,-2.041702,1
56036,1.414158,3.344123,-2.041702,1
56036,12.136645,3.344123,-2.041702,1
56152,7.892016,3.416937,-2.058257,1
56152,8.018359,3.416937,-2.058257,1
56152,8.670044,3.416937,-2.058257,1
56152,10.178912,3.416937,-2.058257,1
56152,10.650251,3.416937,-2.058257,1
56152,11.342624,3.416937,-2.058257,1
56152,12.777720,3.416937,-2.058257,1
57159,1.846548,2.066501,-2.407591,2
58008,6.209129,2.854977,-2.359221,1
58008,6.446176,2.854977,-2.359221,1
58008,7.338240,2.854977,-2.359221,1
58008,10.330658,2.854977,-2.359221,1
58008,10.611820,2.854977,-2.359221,1
58008,12.735979,2.854977,-2.359221,1
58159,7.025720,3.053275,-2.320646,1
58159,7.158325,3.053275,-2.320646,1
58159,7.281005,3.053275,-2.320646,1
58159,7.476494,3.053275,-2.320646,1
58159,7.760507,3.053275,-2.320646,1
58159,8.065065,3.053275,-2.320646,1
58159,9.178282,3.053275,-2.320646,1
58159,9.831726,3.053275,-2.320646,1
58159,10.437612,3.053275,-2.320646,1
58159,10.730939,3.053275,-2.320646,1
58159,11.416056,3.053275,-2.320646,1
58264,9.964728,3.090679,-2.322971,1
58264,10.931821,3.090679,-2.322971,1
58264,12.397048,3.090679,-2.322971,1
58264,12.576165,3.090679,-2.322971,1
58787,12.974548,3.149142,-2.337690,1
73777,4.067251,1.430346,-2.394082,1
73777,4.609422,1.430346,-2.394082,1
73777,5.628079,1.430346,-2.394082,1
73777,6.047567,1.430346,-2.394082,1
73777,6.194336,1.430346,-2.394082,1
73777,12.360947,1.430346,-2.394082,1
84293,1.131622,1.357368,-2.467598,1
84293,2.623650,1.357368,-2.467598,1
84293,7.004969,1.357368,-2.467598,1
84368,2.018876,1.373702,-2.551499,1
84814,2.805604,1.165125,-2.497167,1
84814,3.329011,1.165125,-2.497167,1
84814,4.822443,1.165125,-2.497167,1
84814,5.852212,1.165125,-2.497167,1
84814,6.624853,1.165125,-2.497167,1
84814,7.019253,1.165125,-2.497167,1
85195,1.025208,1.153272,-2.576593,1
85195,1.822808,1.153272,-2.576593,1
85195,1.937505,1.153272,-2.576593,1
85195,3.425729,1.153272,-2.576593,1
85195,3.791931,1.153272,-2.576593,1
85195,12.307633,1.153272,-2.576593,1
85195,12.876080,1.153272,-2.576593,1
86054,2.708581,1.035451,-2.642147,1
86054,3.971606,1.035451,-2.642147,1
86054,10.933483,1.035451,-2.642147,1
86054,11.211909,1.035451,-2.642147,1
89514,10.779758,0.960728,-2.765859,1
89514,11.662618,0.960728,-2.765859,1
89514,12.004110,0.960728,-2.765859,1
89514,12.216482,0.960728,-2.765859,1
89514,12.442848,0.960728,-2.765859,1
89895,1.355908,0.901929,-2.731301,1
89895,10.109000,0.901929,-2.731301,1
89907,4.941861,0.833635,-2.610403,1
89907,5.876844,0.833635,-2.610403,1
89907,6.047170,0.833635,-2.610403,1
89907,6.202091,0.833635,-2.610403,1
89907,6.750465,0.833635,-2.610403,1
89907,7.177892,0.833635,-2.610403,1
89907,7.564427,0.833635,-2.610403,1
90127,1.820167,0.848409,-2.746964,1
90127,3.133716,0.848409,-2.746964,1
91738,9.392410,0.804342,-2.878612,1
91738,9.635228,0.804342,-2.878612,1
91738,9.895587,0.804342,-2.878612,1
91738,10.355792,0.804342,-2.878612,1
91738,10.505795,0.804342,-2.878612,1
91738,11.165531,0.804342,-2.878612,1
91738,11.783582,0.804342,-2.878612,1
91738,12.624647,0.804342,-2.878612,1
91738,12.739223,0.804342,-2.878612,1
92527,10.109386,0.691570,-2.958558,1
92527,10.296690,0.691570,-2.958558,1
92527,11.035753,0.691570,-2.958558,1
92527,11.348495,0.691570,-2.958558,1
92527,12.150340,0.691570,-2.958558,1
92527,12.995204,0.691570,-2.958558,1
92577,4.965758,0.626903,-2.885355,1
92577,5.618853,0.626903,-2.885355,1
92577,6.238965,0.626903,-2.885355,1
92577,7.523077,0.626903,-2.885355,1
92577,7.779361,0.626903,-2.885355,1
92577,7.977190,0.626903,-2.885355,1
92581,4.883706,0.622313,-2.906533,1
92581,6.045527,0.622313,-2.906533,1
92581,6.220134,0.622313,-2.906533,1
92581,8.095441,0.622313,-2.906533,1
95710,5.580941,0.531673,-2.969190,1
95710,5.718329,0.531673,-2.969190,1
95710,6.033910,0.531673,-2.969190,1
95710,6.162434,0.531673,-2.969190,1
95710,7.682176,0.531673,-2.969190,1
95710,7.906820,0.531673,-2.969190,1
95710,8.228763,0.531673,-2.969190,1
95710,10.373599,0.531673,-2.969190,1
95710,11.138700,0.531673,-2.969190,1
95710,11.449955,0.531673,-2.969190,1
95710,11.695779,0.531673,-2.969190,1
95710,12.016738,0.531673,-2.969190,1
95996,1.247776,0.313862,-2.892015,1
96444,1.437503,0.365803,-2.867584,1
97325,12.330174,0.352921,-3.105995,1
97325,12.484075,0.352921,-3.105995,1
97351,1.697819,0.345347,-3.069139,1
97351,3.294738,0.345347,-3.069139,1
97351,3.476714,0.345347,-3.069139,1
97351,4.671904,0.345347,-3.069139,1
97351,5.228678,0.345347,-3.069139,1
97351,9.273520,0.345347,-3.069139,1
97351,11.772200,0.345347,-3.069139,1
97351,11.992627,0.345347,-3.069139,1
98178,4.980751,0.219713,-3.129740,1
98178,8.441424,0.219713,-3.129740,1
98384,1.121531,0.215504,-3.206885,1
98451,5.565823,0.136156,-3.065314,1
98451,6.450178,0.136156,-3.065314,1
98451,6.623389,0.136156,-3.065314,1
98451,8.657916,0.136156,-3.065314,1
100196,5.322660,-0.048826,-3.068141,1
100196,5.713264,-0.048826,-3.068141,1
100196,6.308799,-0.048826,-3.068141,1
100196,8.130531,-0.048826,-3.068141,1
100196,8.566936,-0.048826,-3.068141,1
102372,3.082600,0.006272,-3.196999,1
102372,3.216201,0.006272,-3.196999,1
102372,11.226097,0.006272,-3.196999,1
105212,4.755157,-0.346848,-3.071619,1
105896,1.125435,-0.635038,-2.846067,1
105951,5.838003,-0.405627,-3.189820,1
105951,6.001415,-0.405627,-3.189820,1
105951,6.276619,-0.405627,-3.189820,1
105951,6.532556,-0.405627,-3.189820,1
105951,7.960422,-0.405627,-3.189820,1
105951,8.296795,-0.405627,-3.189820,1
105951,8.830824,-0.405627,-3.189820,1
105951,8.999961,-0.405627,-3.189820,1
105951,9.568912,-0.405627,-3.189820,1
105951,9.817218,-0.405627,-3.189820,1
105951,10.803994,-0.405627,-3.189820,1
105951,10.966331,-0.405627,-3.189820,1
105951,11.542944,-0.405627,-3.189820,1
105951,12.137693,-0.405627,-3.189820,1
105951,12.284182,-0.405627,-3.189820,1
105984,1.644847,-0.485661,-3.028636,1
105984,2.131899,-0.485661,-3.028636,1
105992,5.679000,-0.384682,-3.178865,1
105992,5.909131,-0.384682,-3.178865,1
105992,6.683134,-0.384682,-3.178865,2
105992,7.914812,-0.384682,-3.178865,1
105992,8.264873,-0.384682,-3.178865,1
105992,8.869385,-0.384682,-3.178865,1
105992,9.074485,-0.384682,-3.178865,1
105992,9.671094,-0.384682,-3.178865,1
105992,10.016933,-0.384682,-3.178865,1
105992,11.601436,-0.384682,-3.178865,1
105992,12.050921,-0.384682,-3.178865,1
105992,12.225046,-0.384682,-3.178865,1
106043,5.776784,-0.400894,-3.174132,1
106043,6.251363,-0.400894,-3.174132,1
106043,7.890503,-0.400894,-3.174132,1
106043,8.818509,-0.400894,-3.174132,1
106043,9.884999,-0.400894,-3.174132,1
106043,10.874282,-0.400894,-3.174132,1
106043,11.778779,-0.400894,-3.174132,1
106043,12.085440,-0.400894,-3.174132,1
106183,2.710106,-0.530912,-3.128685,1
106183,3.385240,-0.530912,-3.128685,1
106183,4.071872,-0.530912,-3.128685,1
106183,4.185462,-0.530912,-3.128685,1
106183,4.321972,-0.530912,-3.128685,1
106183,5.284753,-0.530912,-3.128685,1
106183,10.914836,-0.530912,-3.128685,1
106671,6.251649,-0.537023,-3.230293,1
107472,2.840425,-0.656641,-3.149688,2
107472,4.127117,-0.656641,-3.149688,1
107472,5.138958,-0.656641,-3.149688,1
107472,7.403157,-0.656641,-3.149688,1
107472,9.088994,-0.656641,-3.149688,1
107472,9.255997,-0.656641,-3.149688,1
107472,9.555562,-0.656641,-3.149688,1
107472,10.604213,-0.656641,-3.149688,1
108209,2.217724,-0.744799,-3.174036,1
108209,3.869942,-0.744799,-3.174036,1
108209,4.825153,-0.744799,-3.174036,1
108209,5.144841,-0.744799,-3.174036,1
108209,7.319271,-0.744799,-3.174036,1
108209,7.888720,-0.744799,-3.174036,1
108209,8.055032,-0.744799,-3.174036,1
108209,8.551356,-0.744799,-3.174036,1
108209,10.401347,-0.744799,-3.174036,1
108209,10.626070,-0.744799,-3.174036,1
108209,10.844861,-0.744799,-3.174036,1
113386,1.621014,-1.045620,-3.286048,1
113386,1.753837,-1.045620,-3.286048,1
113386,3.459819,-1.045620,-3.286048,1
113386,4.834226,-1.045620,-3.286048,1
113386,5.030701,-1.045620,-3.286048,1
113386,6.894940,-1.045620,-3.286048,1
113386,7.262470,-1.045620,-3.286048,1
113386,8.352251,-1.045620,-3.286048,1
113386,8.789848,-1.045620,-3.286048,1
113386,9.178862,-1.045620,-3.286048,1
113386,9.659536,-1.045620,-3.286048,1
113386,9.880664,-1.045620,-3.286048,1
113386,11.082225,-1.045620,-3.286048,1
113386,11.942885,-1.045620,-3.286048,1
113386,12.170482,-1.045620,-3.286048,1
113386,12.524668,-1.045620,-3.286048,1
113386,12.780105,-1.045620,-3.286048,1
113448,1.268906,-1.050804,-3.246952,1
113448,5.975580,-1.050804,-3.246952,1
113624,1.044404,-1.086954,-3.275439,2
113624,1.159150,-1.086954,-3.275439,1
113624,2.599538,-1.086954,-3.275439,1
113624,10.320193,-1.086954,-3.275439,1
115309,1.423348,-1.180518,-3.397314,2
115309,1.931336,-1.180518,-3.397314,1
115309,3.104052,-1.180518,-3.397314,1
115309,4.038403,-1.180518,-3.397314,1
115309,4.600383,-1.180518,-3.397314,1
115309,4.745118,-1.180518,-3.397314,1
115309,5.607561,-1.180518,-3.397314,1
115309,5.996055,-1.180518,-3.397314,1
115309,6.515334,-1.180518,-3.397314,1
115309,6.804504,-1.180518,-3.397314,1
115309,6.972264,-1.180518,-3.397314,1
115309,7.890962,-1.180518,-3.397314,1
115309,8.018398,-1.180518,-3.397314,1
115309,10.016782,-1.180518,-3.397314,1
115309,11.763863,-1.180518,-3.397314,1
115309,12.430468,-1.180518,-3.397314,1
115309,12.570910,-1.180518,-3.397314,1
120538,3.117017,-1.473594,-3.606138,1
120538,3.428927,-1.473594,-3.606138,1
120538,4.902292,-1.473594,-3.606138,1
120538,5.248507,-1.473594,-3.606138,1
120538,5.600279,-1.473594,-3.606138,1
120538,6.675110,-1.473594,-3.606138,1
120538,7.326959,-1.473594,-3.606138,1
120538,7.602177,-1.473594,-3.606138,1
120538,9.230238,-1.473594,-3.606138,1
120538,11.074340,-1.473594,-3.606138,1
120538,11.765934,-1.473594,-3.606138,2
120558,1.036292,-1.529508,-3.745206,2
120558,1.152637,-1.529508,-3.745206,3
120617,1.548540,-1.476478,-3.642326,2
120617,4.140849,-1.476478,-3.642326,1
120617,8.832554,-1.476478,-3.642326,1
120617,10.749805,-1.476478,-3.642326,1
120775,3.358736,-1.555354,-3.680766,1
120775,5.514913,-1.555354,-3.680766,1
120775,5.648552,-1.555354,-3.680766,1
120775,6.242414,-1.555354,-3.680766,1
120775,7.025356,-1.555354,-3.680766,1
120775,8.043312,-1.555354,-3.680766,1
120775,9.938833,-1.555354,-3.680766,1
120786,1.797019,-1.381047,-3.576238,1
120786,3.951058,-1.381047,-3.576238,1
120786,4.206724,-1.381047,-3.576238,1
120786,4.458054,-1.381047,-3.576238,1
120786,4.598268,-1.381047,-3.576238,1
120786,5.794874,-1.381047,-3.576238,1
120786,9.293308,-1.381047,-3.576238,1
124436,12.251159,-1.653300,-3.548679,1
125755,4.404385,-1.720275,-3.736977,1
125755,10.027951,-1.720275,-3.736977,1
125755,10.131030,-1.720275,-3.736977,1
125755,10.604127,-1.720275,-3.736977,1
125755,11.478326,-1.720275,-3.736977,1
126126,1.582571,-1.744561,-3.775916,1
126126,3.287694,-1.744561,-3.775916,1
126126,4.274112,-1.744561,-3.775916,1
126126,10.394337,-1.744561,-3.775916,1
127509,4.475891,-1.872184,-4.013101,1
127509,5.114239,-1.872184,-4.013101,1
127509,5.531527,-1.872184,-4.013101,1
127509,6.071235,-1.872184,-4.013101,1
127509,6.706654,-1.872184,-4.013101,1
127509,7.013368,-1.872184,-4.013101,1
127509,7.448375,-1.872184,-4.013101,1
127509,7.937097,-1.872184,-4.013101,1
127509,11.076852,-1.872184,-4.013101,1
127509,11.632979,-1.872184,-4.013101,1
128188,5.374472,-1.921191,-4.104736,1
128869,5.236782,-1.970177,-4.185642,1
128869,12.683252,-1.970177,-4.185642,1
130569,10.926777,-2.158738,-4.220545,1
130762,8.661716,-2.215313,-4.240761,1
130762,8.926933,-2.215313,-4.240761,1
130762,9.199224,-2.215313,-4.240761,1
130762,9.534032,-2.215313,-4.240761,1
130762,10.011688,-2.215313,-4.240761,1
130762,10.711504,-2.215313,-4.240761,1
137290,3.180935,-2.334077,-4.539031,1
137480,2.972101,-2.351667,-4.570507,1
137717,5.941646,-2.402687,-4.425887,1
137717,7.669150,-2.402687,-4.425887,1
137717,9.331390,-2.402687,-4.425887,1
137717,9.601947,-2.402687,-4.425887,1
137717,9.842849,-2.402687,-4.425887,1
137717,10.975298,-2.402687,-4.425887,1
137717,11.681693,-2.402687,-4.425887,2
137717,11.938285,-2.402687,-4.425887,2
137717,12.481166,-2.402687,-4.425887,1
138433,1.357159,-2.413708,-4.503563,1
138433,1.499260,-2.413708,-4.503563,1
138433,6.576559,-2.413708,-4.503563,1
138433,6.882367,-2.413708,-4.503563,1
138931,1.996230,-2.469744,-4.663229,1
138931,7.785670,-2.469744,-4.663229,1
138931,8.891403,-2.469744,-4.663229,1
141523,6.886073,-2.525130,-4.944636,1
141523,7.075746,-2.525130,-4.944636,1
141523,7.189519,-2.525130,-4.944636,1
141523,7.377300,-2.525130,-4.944636,1
141523,8.003295,-2.525130,-4.944636,1
141523,8.520852,-2.525130,-4.944636,1
141523,9.041165,-2.525130,-4.944636,1
141523,9.233871,-2.525130,-4.944636,1
142041,10.012981,-2.565442,-4.880851,1
142041,11.252454,-2.565442,-4.880851,1
142041,11.575269,-2.565442,-4.880851,1
142041,11.787216,-2.565442,-4.880851,1
142041,11.973731,-2.565442,-4.880851,1
142897,2.156365,-2.681524,-4.853497,1
142897,4.600804,-2.681524,-4.853497,1
143307,2.290069,-2.691100,-4.998478,1
143307,2.718098,-2.691100,-4.998478,1
143307,3.242902,-2.691100,-4.998478,1
143307,4.969725,-2.691100,-4.998478,1
143307,5.358803,-2.691100,-4.998478,1
143904,5.820614,-2.555004,-5.113238,1
143904,6.538378,-2.555004,-5.113238,1
143904,7.009972,-2.555004,-5.113238,1
143904,7.808774,-2.555004,-5.113238,1
143904,8.111483,-2.555004,-5.113238,1
143904,8.629604,-2.555004,-5.113238,1
144173,6.404867,-2.627853,-5.296354,1
145346,9.123112,-2.649090,-5.206622,1
145346,10.002538,-2.649090,-5.206622,1
145346,10.483467,-2.649090,-5.206622,1
145346,12.718521,-2.649090,-5.206622,1
148206,1.399191,-2.720478,-5.451857,1
148206,4.550940,-2.720478,-5.451857,1
148206,4.788937,-2.720478,-5.451857,1
148206,5.700472,-2.720478,-5.451857,1
148206,6.073188,-2.720478,-5.451857,1
148206,7.102888,-2.720478,-5.451857,1
148287,1.182899,-2.757034,-5.295664,1
148287,4.557454,-2.757034,-5.295664,1
148305,2.694033,-2.738772,-5.321246,1
148305,3.582322,-2.738772,-5.321246,1
148305,3.836699,-2.738772,-5.321246,1
148305,4.302390,-2.738772,-5.321246,1
148305,11.214135,-2.738772,-5.321246,1
148305,11.863427,-2.738772,-5.321246,1
148408,1.022744,-2.790633,-5.372026,1
148408,3.171232,-2.790633,-5.372026,1
151752,10.937432,-2.853613,-5.486900,1
152416,2.415638,-2.821765,-5.607533,1
152416,3.205047,-2.821765,-5.607533,1
152416,4.583694,-2.821765,-5.607533,1
152416,4.897072,-2.821765,-5.607533,1
152416,6.029591,-2.821765,-5.607533,1
152416,9.136381,-2.821765,-5.607533,1
152416,11.833907,-2.821765,-5.607533,1
152560,12.734650,-2.905930,-5.535522,1
152560,12.975597,-2.905930,-5.535522,1
152718,1.394594,-2.765371,-5.743275,1
152975,12.457600,-2.909455,-5.566001,1
158724,8.151799,-3.057867,-6.009815,1
158724,8.359633,-3.057867,-6.009815,1
158724,10.885684,-3.057867,-6.009815,1
158799,2.362305,-3.092783,-6.281764,1
161777,7.161200,-3.244084,-6.224790,1
161777,10.637469,-3.244084,-6.224790,1
164907,1.824086,-3.150641,-6.572120,1
164992,1.090030,-3.157122,-6.681309,1
167453,11.946422,-3.431194,-6.666038,1
167453,12.046432,-3.431194,-6.666038,1
167458,11.015737,-3.345090,-6.572259,1
167458,11.146269,-3.345090,-6.572259,1
167514,11.781827,-3.408208,-6.652960,1
169522,2.354052,-3.286010,-6.696115,1
169522,3.186171,-3.286010,-6.696115,1
169522,3.405635,-3.286010,-6.696115,1
169522,3.544915,-3.286010,-6.696115,1
169522,4.023529,-3.286010,-6.696115,1
169522,4.467421,-3.286010,-6.696115,1
169522,5.223758,-3.286010,-6.696115,1
169522,5.447927,-3.286010,-6.696115,1
169522,6.790226,-3.286010,-6.696115,1
169522,7.526877,-3.286010,-6.696115,1
169522,8.915653,-3.286010,-6.696115,1
169522,9.763037,-3.286010,-6.696115,1
169606,1.610061,-3.245367,-6.712837,1
169606,1.815992,-3.245367,-6.712837,1
169675,2.294465,-3.277334,-6.690186,1
169675,3.945378,-3.277334,-6.690186,1
169675,4.797644,-3.277334,-6.690186,1
169675,5.293042,-3.277334,-6.690186,1
169675,5.508636,-3.277334,-6.690186,1
169675,6.423716,-3.277334,-6.690186,1
169675,6.841323,-3.277334,-6.690186,1
169675,8.118409,-3.277334,-6.690186,1
169675,8.644965,-3.277334,-6.690186,1
169675,8.762123,-3.277334,-6.690186,1
169675,10.088557,-3.277334,-6.690186,1
169868,7.529046,-3.337574,-6.755680,1
169868,10.453836,-3.337574,-6.755680,1
173136,5.908591,-3.329060,-7.018724,1
173136,6.036014,-3.329060,-7.018724,1
173136,9.266502,-3.329060,-7.018724,1
173136,9.681267,-3.329060,-7.018724,1
173136,10.452549,-3.329060,-7.018724,1
173456,7.092085,-3.366879,-7.037881,1
173456,7.512815,-3.366879,-7.037881,1
173456,11.861480,-3.366879,-7.037881,2
173456,12.152847,-3.366879,-7.037881,1
173633,6.965362,-3.364265,-7.095236,1
173633,8.649049,-3.364265,-7.095236,1
173633,11.516737,-3.364265,-7.095236,1
173633,11.679008,-3.364265,-7.095236,1
174412,1.762437,-3.141595,-7.251759,1
174412,2.477414,-3.141595,-7.251759,1
174412,3.842453,-3.141595,-7.251759,1
174834,8.143409,-3.392808,-7.281072,1
174904,4.507535,-3.277484,-7.292913,1
174904,9.388427,-3.277484,-7.292913,1
174904,9.918074,-3.277484,-7.292913,1
174904,10.792635,-3.277484,-7.292913,2
174904,11.864846,-3.277484,-7.292913,1
175315,7.041330,-3.332565,-7.323692,1
175315,12.649757,-3.332565,-7.323692,1
175318,10.424324,-3.302417,-7.324217,1
175318,10.647116,-3.302417,-7.324217,1
176153,3.718714,-3.252835,-7.465551,1
176153,4.141085,-3.252835,-7.465551,1
176153,4.306664,-3.252835,-7.465551,2
176153,8.854839,-3.252835,-7.465551,1
176153,9.042683,-3.252835,-7.465551,1
176153,9.158741,-3.252835,-7.465551,1
176153,10.054954,-3.252835,-7.465551,1
176153,11.204502,-3.252835,-7.465551,2
176153,11.644077,-3.252835,-7.465551,1
176333,7.042138,-3.399294,-7.506339,1
178337,3.472562,-3.242268,-7.605782,1
178337,3.635549,-3.242268,-7.605782,2
178337,8.422587,-3.242268,-7.605782,1
178337,8.680970,-3.242268,-7.605782,1
178337,9.178488,-3.242268,-7.605782,1
178337,12.877202,-3.242268,-7.605782,1
178362,9.455976,-3.203501,-7.602178,1
178362,11.123957,-3.203501,-7.602178,1
178362,11.876065,-3.203501,-7.602178,1
178362,12.121629,-3.203501,-7.602178,1
178362,12.466976,-3.203501,-7.602178,1
180788,4.263254,-3.298620,-7.616518,1
180788,4.464933,-3.298620,-7.616518,1
180788,4.844375,-3.298620,-7.616518,1
180788,5.599126,-3.298620,-7.616518,1
180788,6.080517,-3.298620,-7.616518,1
182664,2.402082,-3.105495,-7.810834,2
182664,3.310899,-3.105495,-7.810834,1
182664,4.441671,-3.105495,-7.810834,1
182664,6.437745,-3.105495,-7.810834,1
182664,7.151782,-3.105495,-7.810834,1
182664,8.223737,-3.105495,-7.810834,1
182664,8.521030,-3.105495,-7.810834,1
182664,10.989227,-3.105495,-7.810834,1
182664,11.229373,-3.105495,-7.810834,1
182664,12.851059,-3.105495,-7.810834,1
182673,6.967334,-3.206123,-7.802403,1
182701,2.264421,-3.074809,-7.825480,2
182701,3.414390,-3.074809,-7.825480,1
182701,5.122659,-3.074809,-7.825480,1
182701,5.448852,-3.074809,-7.825480,1
182701,8.097561,-3.074809,-7.825480,1
182701,9.557905,-3.074809,-7.825480,1
182701,10.466783,-3.074809,-7.825480,1
182701,10.668321,-3.074809,-7.825480,1
182701,12.841791,-3.074809,-7.825480,1
183114,1.682389,-2.976449,-7.891794,1
183114,1.867844,-2.976449,-7.891794,2
183114,2.540855,-2.976449,-7.891794,1
183114,9.541679,-2.976449,-7.891794,1
183114,12.158682,-2.976449,-7.891794,1
183114,12.316004,-2.976449,-7.891794,1
183684,1.517101,-2.929712,-7.943260,2
183684,1.705717,-2.929712,-7.943260,1
183684,2.173341,-2.929712,-7.943260,1
183684,2.297043,-2.929712,-7.943260,1
183684,3.570163,-2.929712,-7.943260,1
183684,3.758711,-2.929712,-7.943260,1
183684,6.271113,-2.929712,-7.943260,1
183684,7.257340,-2.929712,-7.943260,1
183684,9.084857,-2.929712,-7.943260,1
183684,9.325009,-2.929712,-7.943260,1
183684,9.484166,-2.929712,-7.943260,1
183684,12.462396,-2.929712,-7.943260,1
183720,1.355152,-2.753773,-8.066997,2
183720,6.489878,-2.753773,-8.066997,1
183720,6.764020,-2.753773,-8.066997,1
183720,7.542253,-2.753773,-8.066997,1
186336,9.102495,-2.836904,-8.079728,1
186336,9.489876,-2.836904,-8.079728,1
189107,5.488295,-2.548960,-8.228841,1
189803,12.460989,-2.644778,-8.324353,1
190669,1.843068,-2.493657,-8.476225,1
190669,2.323021,-2.493657,-8.476225,1
190669,2.449409,-2.493657,-8.476225,1
190669,2.909628,-2.493657,-8.476225,1
190669,4.787166,-2.493657,-8.476225,1
190669,6.296361,-2.493657,-8.476225,1
190669,6.549875,-2.493657,-8.476225,1
190669,6.887823,-2.493657,-8.476225,1
190669,9.150735,-2.493657,-8.476225,1
190669,10.282971,-2.493657,-8.476225,1
190669,10.937374,-2.493657,-8.476225,1
190669,11.781371,-2.493657,-8.476225,1
190669,11.955838,-2.493657,-8.476225,1
190922,1.678998,-2.538023,-8.418490,1
190922,1.841554,-2.538023,-8.418490,1
190922,1.965904,-2.538023,-8.418490,1
190922,2.207762,-2.538023,-8.418490,1
190922,6.204641,-2.538023,-8.418490,1
190922,9.473044,-2.538023,-8.418490,1
190922,12.049315,-2.538023,-8.418490,1
190922,12.245210,-2.538023,-8.418490,1
190922,12.580811,-2.538023,-8.418490,1
191191,3.513468,-2.422663,-8.535072,1
191191,5.228159,-2.422663,-8.535072,1
191191,5.616793,-2.422663,-8.535072,1
191191,6.169441,-2.422663,-8.535072,1
191191,7.522713,-2.422663,-8.535072,1
191191,8.259842,-2.422663,-8.535072,1
191191,8.429365,-2.422663,-8.535072,1
191191,11.449167,-2.422663,-8.535072,1
191191,12.074425,-2.422663,-8.535072,1
192513,1.270376,-2.440685,-8.618730,1
192513,1.378997,-2.440685,-8.618730,1
192513,1.592512,-2.440685,-8.618730,1
192513,8.981059,-2.440685,-8.618730,1
192513,9.164311,-2.440685,-8.618730,1
192521,2.005355,-2.305570,-8.678755,1
192521,2.653414,-2.305570,-8.678755,1
192521,2.837255,-2.305570,-8.678755,1
192521,5.436917,-2.305570,-8.678755,1
192521,5.600704,-2.305570,-8.678755,1
192521,5.722848,-2.305570,-8.678755,1
192521,6.684657,-2.305570,-8.678755,1
192521,7.025899,-2.305570,-8.678755,1
192521,7.229617,-2.305570,-8.678755,1
192521,7.397812,-2.305570,-8.678755,1
192521,7.691438,-2.305570,-8.678755,1
192521,9.867645,-2.305570,-8.678755,1
192521,10.553873,-2.305570,-8.678755,1
192521,10.864816,-2.305570,-8.678755,1
192521,11.425082,-2.305570,-8.678755,1
192684,2.471634,-2.270793,-8.707109,1
192684,5.471200,-2.270793,-8.707109,1
192684,6.455712,-2.270793,-8.707109,1
192684,9.940352,-2.270793,-8.707109,1
192684,11.326133,-2.270793,-8.707109,1
192684,11.916354,-2.270793,-8.707109,1
194065,2.464368,-2.285114,-8.733505,1
194065,3.379006,-2.285114,-8.733505,1
194065,3.493485,-2.285114,-8.733505,1
194065,4.044673,-2.285114,-8.733505,1
194065,4.236373,-2.285114,-8.733505,1
194065,4.447519,-2.285114,-8.733505,1
194065,5.431494,-2.285114,-8.733505,1
194065,6.804324,-2.285114,-8.733505,1
194065,7.528609,-2.285114,-8.733505,1
194065,9.580965,-2.285114,-8.733505,1
194065,9.698795,-2.285114,-8.733505,1
194065,9.835575,-2.285114,-8.733505,1
194065,10.254639,-2.285114,-8.733505,1
194065,10.638428,-2.285114,-8.733505,1
194065,11.206156,-2.285114,-8.733505,1
194065,11.785244,-2.285114,-8.733505,1
197121,11.868413,-2.351740,-8.863586,1
197121,12.315131,-2.351740,-8.863586,1
197747,12.050010,-2.349317,-8.930440,1
200330,11.594807,-2.324494,-8.954308,1
200330,11.764023,-2.324494,-8.954308,1
200336,2.428872,-2.158088,-8.953090,1
200336,4.286641,-2.158088,-8.953090,1
200336,4.405361,-2.158088,-8.953090,1
200336,4.542017,-2.158088,-8.953090,1
200336,5.436075,-2.158088,-8.953090,1
200336,6.353187,-2.158088,-8.953090,1
203742,11.120820,-2.232992,-9.108743,1
203871,12.492790,-2.048833,-9.087945,1
209640,1.679158,-2.251344,-9.563031,1
209640,2.522334,-2.251344,-9.563031,1
209640,2.921972,-2.251344,-9.563031,1
209640,3.976511,-2.251344,-9.563031,1
209640,4.430293,-2.251344,-9.563031,1
209640,5.073717,-2.251344,-9.563031,1
209640,12.628857,-2.251344,-9.563031,1
210189,3.820254,-2.248737,-9.792700,1
210189,7.289023,-2.248737,-9.792700,1
210189,12.056593,-2.248737,-9.792700,1
210557,10.353504,-2.144046,-9.680729,1
211455,10.657333,-2.282631,-9.937493,1
215179,1.406048,-2.123671,-10.052472,1
217556,2.925522,-2.225260,-10.303156,1
217556,3.168751,-2.225260,-10.303156,1
217674,7.285944,-2.322776,-10.328929,1
217674,8.501696,-2.322776,-10.328929,1
217674,9.143674,-2.322776,-10.328929,1
217674,11.723022,-2.322776,-10.328929,1
217674,12.251076,-2.322776,-10.328929,1
217696,9.911897,-2.296901,-10.315056,1
217696,10.283781,-2.296901,-10.315056,1
217696,10.501946,-2.296901,-10.315056,1
217696,12.481595,-2.296901,-10.315056,1
217718,4.904371,-2.258749,-10.319607,1
217718,5.555551,-2.258749,-10.319607,1
217854,7.160113,-2.318482,-10.337303,1
217854,7.725888,-2.318482,-10.337303,1
217854,8.976113,-2.318482,-10.337303,1
217854,12.196482,-2.318482,-10.337303,1
217854,12.856445,-2.318482,-10.337303,1
218442,9.636389,-2.286367,-10.390593,1
218442,10.164565,-2.286367,-10.390593,1
218442,10.862046,-2.286367,-10.390593,1
218867,7.416131,-2.258301,-10.561231,1
218867,7.746688,-2.258301,-10.561231,1
218867,9.941261,-2.258301,-10.561231,1
218867,11.170945,-2.258301,-10.561231,1
218867,11.318516,-2.258301,-10.561231,1
219204,3.182009,-2.215854,-10.465319,1
219204,3.457379,-2.215854,-10.465319,1
219204,4.603826,-2.215854,-10.465319,1
219204,5.303420,-2.215854,-10.465319,1
219204,5.517118,-2.215854,-10.465319,1
219204,5.642985,-2.215854,-10.465319,1
223140,4.795490,-2.143032,-10.703105,1
223140,5.044553,-2.143032,-10.703105,1
223140,5.539917,-2.143032,-10.703105,1
223836,2.780063,-2.102666,-10.827031,1
223836,4.668955,-2.102666,-10.827031,1
223836,5.953956,-2.102666,-10.827031,1
223836,6.931274,-2.102666,-10.827031,1
223925,1.040458,-1.975977,-10.757250,1
229248,4.440569,-2.190106,-11.197249,1
229248,6.447584,-2.190106,-11.197249,2
229248,7.639524,-2.190106,-11.197249,1
229248,8.303576,-2.190106,-11.197249,1
229248,8.819049,-2.190106,-11.197249,1
229248,8.945579,-2.190106,-11.197249,1
229248,10.210709,-2.190106,-11.197249,1
229248,10.577092,-2.190106,-11.197249,1
231205,1.261049,-2.620189,-11.567762,2
231301,5.358227,-2.278575,-11.417676,1
231301,6.599089,-2.278575,-11.417676,1
231399,1.351946,-2.302769,-11.494134,1
231399,9.102546,-2.302769,-11.494134,1
231911,1.034261,-2.709705,-11.617408,1
231911,1.154324,-2.709705,-11.617408,1
231911,2.052218,-2.709705,-11.617408,1
232081,7.999853,-2.440552,-11.672087,1
237980,6.175591,-2.784204,-11.939816,1
237980,6.597805,-2.784204,-11.939816,1
237980,6.861718,-2.784204,-11.939816,1
239634,1.515412,-3.014873,-11.977979,1
239634,1.706814,-3.014873,-11.977979,1
239634,1.956573,-3.014873,-11.977979,1
239634,3.614756,-3.014873,-11.977979,1
239634,5.082731,-3.014873,-11.977979,1
239634,5.431690,-3.014873,-11.977979,1
239648,1.486324,-3.036260,-11.985653,1
239648,4.828653,-3.036260,-11.985653,1
239648,5.398115,-3.036260,-11.985653,1
239648,5.848611,-3.036260,-11.985653,1
240382,1.404015,-3.439142,-11.977444,1
244326,1.337049,-3.264034,-12.005746,1
244326,1.718081,-3.264034,-12.005746,1
244326,1.930731,-3.264034,-12.005746,1
244326,4.583970,-3.264034,-12.005746,1
245350,1.101025,-3.436529,-11.996579,1
245350,1.774790,-3.436529,-11.996579,1
245350,2.039406,-3.436529,-11.996579,1
246910,1.015217,-3.729501,-11.951136,1
248011,1.209573,-3.765313,-12.221777,1
248059,1.787996,-3.673782,-12.137875,1
248059,2.178307,-3.673782,-12.137875,1
